case,time,points,length,alpha,finished
0,1.1126,1,0.0000,0.6500,False
0,1.1282,2,0.4371,0.6500,False
0,1.1404,2,0.7801,0.6500,False
0,1.1404,2,0.7801,0.6500,False
0,1.1404,2,0.7801,0.6500,False
0,1.1612,2,1.3621,0.6500,False
0,1.1612,2,1.3621,0.6500,False
0,1.1768,2,1.7973,0.6500,False
0,1.1768,2,1.7973,0.6500,False
0,1.1768,2,1.7973,0.6500,False
0,1.1951,2,2.3096,0.6500,False
0,1.1951,2,2.3096,0.6500,False
0,1.1951,2,2.3096,0.6500,False
0,1.2121,2,2.7882,0.6500,False
0,1.2121,2,2.7882,0.6500,False
0,1.2121,2,2.7882,0.6500,False
0,1.2288,2,3.2546,0.6500,False
0,1.2288,2,3.2546,0.6500,False
0,1.2425,2,3.6377,0.6500,False
0,1.2425,2,3.6377,0.6500,False
0,1.2425,2,3.6377,0.6500,False
0,1.2602,2,4.1338,0.6500,False
0,1.2602,2,4.1338,0.6500,False
0,1.2602,2,4.1338,0.6500,False
0,1.2770,2,4.6043,0.6500,False
0,1.2770,2,4.6043,0.6500,False
0,1.2770,2,4.6043,0.6500,False
0,1.2937,2,5.0711,0.6500,False
0,1.2937,2,5.0711,0.6500,False
0,1.2937,2,5.0711,0.6500,False
0,1.3112,2,5.5628,0.6500,False
0,1.3112,2,5.5628,0.6500,False
0,1.3242,2,5.9247,0.6500,False
0,1.3242,2,5.9247,0.6500,False
0,1.3242,2,5.9247,0.6500,False
0,1.3437,2,6.4711,0.6500,False
0,1.3437,2,6.4711,0.6500,False
0,1.3437,2,6.4711,0.6500,False
0,1.3614,2,6.9661,0.6500,False
0,1.3614,2,6.9661,0.6500,False
0,1.3756,2,7.3656,0.6500,False
0,1.3756,2,7.3656,0.6500,False
0,1.3756,2,7.3656,0.6500,False
0,1.3932,2,7.8566,0.6500,False
0,1.3932,2,7.8566,0.6500,False
0,1.3932,2,7.8566,0.6500,False
0,1.4104,2,8.3405,0.6500,False
0,1.4104,2,8.3405,0.6500,False
0,1.4104,2,8.3405,0.6500,False
0,1.4281,2,8.8339,0.6500,False
0,1.4281,2,8.8339,0.6500,False
0,1.4426,2,9.2399,0.6500,False
0,1.4426,2,9.2399,0.6500,False
0,1.4426,2,9.2399,0.6500,False
0,1.4613,2,9.6570,0.6500,True
0,1.4613,2,9.6570,0.6500,True
0,1.4778,2,9.6570,0.6286,True
0,1.4778,2,9.6570,0.6286,True
0,1.4921,2,9.6570,0.6100,True
0,1.4921,2,9.6570,0.6100,True
0,1.4921,2,9.6570,0.6100,True
0,1.5106,2,9.6570,0.5860,True
0,1.5106,2,9.6570,0.5860,True
0,1.5106,2,9.6570,0.5860,True
0,1.5292,2,9.6570,0.5618,True
0,1.5292,2,9.6570,0.5618,True
0,1.5421,2,9.6570,0.5450,True
0,1.5421,2,9.6570,0.5450,True
0,1.5421,2,9.6570,0.5450,True
0,1.5603,2,9.6570,0.5214,True
0,1.5603,2,9.6570,0.5214,True
0,1.5765,2,9.6570,0.5003,True
0,1.5765,2,9.6570,0.5003,True
0,1.5765,2,9.6570,0.5003,True
0,1.5935,2,9.6570,0.4782,True
0,1.5935,2,9.6570,0.4782,True
0,1.5935,2,9.6570,0.4782,True
0,1.6104,2,9.6570,0.4562,True
0,1.7027,2,9.6570,0.3363,True
0,1.7966,2,9.6570,0.2141,True
0,1.7966,2,9.6570,0.2141,True
0,1.8102,2,9.6570,0.1965,True
0,1.8102,2,9.6570,0.1965,True
0,1.8102,2,9.6570,0.1965,True
0,1.8274,2,9.6570,0.1741,True
0,1.8274,2,9.6570,0.1741,True
0,1.8274,2,9.6570,0.1741,True
0,1.8451,2,9.6570,0.1511,True
0,1.8451,2,9.6570,0.1511,True
0,1.8451,2,9.6570,0.1511,True
0,1.8637,2,9.6570,0.1269,True
0,1.8637,2,9.6570,0.1269,True
0,1.8637,2,9.6570,0.1269,True
0,1.8814,2,9.6570,0.1039,True
0,1.8814,2,9.6570,0.1039,True
0,1.8937,2,9.6570,0.0880,True
0,1.8937,2,9.6570,0.0880,True
0,1.8937,2,9.6570,0.0880,True
0,1.8937,2,9.6570,0.0880,True
0,1.9151,2,9.6570,0.0602,True
0,1.9151,2,9.6570,0.0602,True
0,1.9289,2,9.6570,0.0421,True
0,1.9289,2,9.6570,0.0421,True
0,1.9289,2,9.6570,0.0421,True
0,1.9492,2,9.6570,0.0158,True
0,1.9492,2,9.6570,0.0158,True
1,1.0638,1,0.0000,0.6500,False
1,1.0638,1,0.0000,0.6500,False
1,1.0638,1,0.0000,0.6500,False
1,1.0818,2,0.5034,0.6500,False
1,1.0967,2,0.9214,0.6500,False
1,1.0967,2,0.9214,0.6500,False
1,1.0967,2,0.9214,0.6500,False
1,1.1134,2,1.3877,0.6500,False
1,1.1134,2,1.3877,0.6500,False
1,1.1134,2,1.3877,0.6500,False
1,1.1328,2,1.9315,0.6500,False
1,1.1328,2,1.9315,0.6500,False
1,1.1463,2,2.3106,0.6500,False
1,1.1463,2,2.3106,0.6500,False
1,1.1463,2,2.3106,0.6500,False
1,1.1633,2,2.7866,0.6500,False
1,1.1633,2,2.7866,0.6500,False
1,1.1633,2,2.7866,0.6500,False
1,1.1801,2,3.2574,0.6500,False
1,1.1801,2,3.2574,0.6500,False
1,1.1801,2,3.2574,0.6500,False
1,1.1967,2,3.7215,0.6500,False
1,1.1967,2,3.7215,0.6500,False
1,1.1967,2,3.7215,0.6500,False
1,1.2149,2,4.2303,0.6500,False
1,1.2149,2,4.2303,0.6500,False
1,1.2149,2,4.2303,0.6500,False
1,1.2318,2,4.7025,0.6500,False
1,1.2318,2,4.7025,0.6500,False
1,1.2318,2,4.7025,0.6500,False
1,1.2501,2,5.2165,0.6500,False
1,1.2501,2,5.2165,0.6500,False
1,1.2624,2,5.5618,0.6500,False
1,1.2624,2,5.5618,0.6500,False
1,1.2624,2,5.5618,0.6500,False
1,1.2624,2,5.5618,0.6500,False
1,1.2834,2,6.1471,0.6500,False
1,1.2834,2,6.1471,0.6500,False
1,1.2834,2,6.1471,0.6500,False
1,1.2999,2,6.6095,0.6500,False
1,1.2999,2,6.6095,0.6500,False
1,1.2999,2,6.6095,0.6500,False
1,1.3162,2,7.0680,0.6500,False
1,1.3162,2,7.0680,0.6500,False
1,1.3162,2,7.0680,0.6500,False
1,1.3331,2,7.5387,0.6500,False
1,1.3331,2,7.5387,0.6500,False
1,1.3331,2,7.5387,0.6500,False
1,1.3500,2,8.0127,0.6500,False
1,1.3500,2,8.0127,0.6500,False
1,1.3500,2,8.0127,0.6500,False
1,1.3662,2,8.4673,0.6500,False
1,1.3662,2,8.4673,0.6500,False
1,1.3662,2,8.4673,0.6500,False
1,1.3829,2,8.9358,0.6500,False
1,1.3829,2,8.9358,0.6500,False
1,1.3829,2,8.9358,0.6500,False
1,1.3998,2,9.4088,0.6500,False
1,1.3998,2,9.4088,0.6500,False
1,1.4155,2,9.6977,0.6500,True
1,1.4155,2,9.6977,0.6500,True
1,1.4292,2,9.6977,0.6322,True
1,1.4292,2,9.6977,0.6322,True
1,1.4292,2,9.6977,0.6322,True
1,1.4490,2,9.6977,0.6065,True
1,1.4490,2,9.6977,0.6065,True
1,1.4628,2,9.6977,0.5886,True
1,1.4628,2,9.6977,0.5886,True
1,1.4628,2,9.6977,0.5886,True
1,1.4830,2,9.6977,0.5624,True
1,1.4830,2,9.6977,0.5624,True
1,1.4964,2,9.6977,0.5449,True
1,1.4964,2,9.6977,0.5449,True
1,1.4964,2,9.6977,0.5449,True
1,1.5171,2,9.6977,0.5180,True
1,1.5171,2,9.6977,0.5180,True
1,1.5324,2,9.6977,0.4981,True
1,1.5324,2,9.6977,0.4981,True
1,1.5469,2,9.6977,0.4792,True
1,1.5469,2,9.6977,0.4792,True
1,1.5469,2,9.6977,0.4792,True
1,1.5677,2,9.6977,0.4522,True
1,1.5677,2,9.6977,0.4522,True
1,1.5822,2,9.6977,0.4334,True
1,1.5822,2,9.6977,0.4334,True
1,1.5961,2,9.6977,0.4152,True
1,1.6135,2,9.6977,0.3927,True
1,1.6259,2,9.6977,0.3765,True
1,1.6259,2,9.6977,0.3765,True
1,1.6259,2,9.6977,0.3765,True
1,1.6505,2,9.6977,0.3446,True
1,1.6505,2,9.6977,0.3446,True
1,1.6656,2,9.6977,0.3250,True
1,1.6656,2,9.6977,0.3250,True
1,1.6799,2,9.6977,0.3063,True
1,1.6799,2,9.6977,0.3063,True
1,1.6799,2,9.6977,0.3063,True
1,1.6999,2,9.6977,0.2804,True
1,1.6999,2,9.6977,0.2804,True
1,1.7132,2,9.6977,0.2631,True
1,1.7132,2,9.6977,0.2631,True
1,1.7132,2,9.6977,0.2631,True
1,1.7329,2,9.6977,0.2375,True
1,1.7640,2,9.6977,0.1970,True
1,1.7640,2,9.6977,0.1970,True
1,1.7640,2,9.6977,0.1970,True
1,1.7801,2,9.6977,0.1760,True
1,1.7801,2,9.6977,0.1760,True
1,1.7801,2,9.6977,0.1760,True
1,1.7955,2,9.6977,0.1561,True
1,1.7955,2,9.6977,0.1561,True
1,1.7955,2,9.6977,0.1561,True
1,1.7955,2,9.6977,0.1561,True
1,1.8147,2,9.6977,0.1310,True
1,1.8147,2,9.6977,0.1310,True
1,1.8147,2,9.6977,0.1310,True
1,1.8309,2,9.6977,0.1101,True
1,1.8309,2,9.6977,0.1101,True
1,1.8309,2,9.6977,0.1101,True
1,1.8463,2,9.6977,0.0901,True
1,1.8463,2,9.6977,0.0901,True
1,1.8463,2,9.6977,0.0901,True
1,1.8618,2,9.6977,0.0698,True
1,1.8618,2,9.6977,0.0698,True
1,1.8618,2,9.6977,0.0698,True
1,1.8778,2,9.6977,0.0490,True
1,1.8778,2,9.6977,0.0490,True
1,1.8778,2,9.6977,0.0490,True
1,1.8778,2,9.6977,0.0490,True
1,1.8971,2,9.6977,0.0240,True
1,1.8971,2,9.6977,0.0240,True
1,1.8971,2,9.6977,0.0240,True
1,1.9124,2,9.6977,0.0040,True
1,1.9124,2,9.6977,0.0040,True
1,1.9124,2,9.6977,0.0040,True
2,2.9519,1,0.0000,0.6500,False
2,2.9519,1,0.0000,0.6500,False
2,2.9647,2,0.3606,0.6500,False
2,2.9647,2,0.3606,0.6500,False
2,2.9647,2,0.3606,0.6500,False
2,2.9647,2,0.3606,0.6500,False
2,2.9861,2,0.9582,0.6500,False
2,2.9861,2,0.9582,0.6500,False
2,2.9982,2,1.2970,0.6500,False
2,2.9982,2,1.2970,0.6500,False
2,2.9982,2,1.2970,0.6500,False
2,2.9982,2,1.2970,0.6500,False
2,3.0197,2,1.9008,0.6500,False
2,3.0197,2,1.9008,0.6500,False
2,3.0322,2,2.2485,0.6500,False
2,3.0322,2,2.2485,0.6500,False
2,3.0322,2,2.2485,0.6500,False
2,3.0502,2,2.7542,0.6500,False
2,3.0502,2,2.7542,0.6500,False
2,3.0502,2,2.7542,0.6500,False
2,3.0678,2,3.2464,0.6500,False
2,3.0678,2,3.2464,0.6500,False
2,3.0678,2,3.2464,0.6500,False
2,3.0846,2,3.7173,0.6500,False
2,3.0846,2,3.7173,0.6500,False
2,3.0846,2,3.7173,0.6500,False
2,3.1020,2,4.2036,0.6500,False
2,3.1020,2,4.2036,0.6500,False
2,3.1020,2,4.2036,0.6500,False
2,3.1186,2,4.6698,0.6500,False
2,3.1186,2,4.6698,0.6500,False
2,3.1311,2,5.0180,0.6500,False
2,3.1311,2,5.0180,0.6500,False
2,3.1311,2,5.0180,0.6500,False
2,3.1311,2,5.0180,0.6500,False
2,3.1518,2,5.5995,0.6500,False
2,3.1518,2,5.5995,0.6500,False
2,3.1518,2,5.5995,0.6500,False
2,3.1692,2,6.0853,0.6500,False
2,3.1692,2,6.0853,0.6500,False
2,3.1816,2,6.4340,0.6500,False
2,3.1816,2,6.4340,0.6500,False
2,3.1816,2,6.4340,0.6500,False
2,3.1989,2,6.9178,0.6500,False
2,3.1989,2,6.9178,0.6500,False
2,3.1989,2,6.9178,0.6500,False
2,3.2161,2,7.3981,0.6500,False
2,3.2161,2,7.3981,0.6500,False
2,3.2161,2,7.3981,0.6500,False
2,3.2327,2,7.8639,0.6500,False
2,3.2327,2,7.8639,0.6500,False
2,3.2327,2,7.8639,0.6500,False
2,3.2494,2,8.3319,0.6500,False
2,3.2494,2,8.3319,0.6500,False
2,3.2494,2,8.3319,0.6500,False
2,3.2652,2,8.7750,0.6500,False
2,3.2652,2,8.7750,0.6500,False
2,3.2652,2,8.7750,0.6500,False
2,3.2652,2,8.7750,0.6500,False
2,3.2853,2,9.3373,0.6500,False
2,3.2853,2,9.3373,0.6500,False
2,3.2853,2,9.3373,0.6500,False
2,3.3009,2,9.7063,0.6500,True
2,3.3009,2,9.7063,0.6500,True
2,3.3009,2,9.7063,0.6500,True
2,3.3190,2,9.7063,0.6265,True
2,3.3190,2,9.7063,0.6265,True
2,3.3190,2,9.7063,0.6265,True
2,3.3354,2,9.7063,0.6052,True
2,3.3354,2,9.7063,0.6052,True
2,3.3354,2,9.7063,0.6052,True
2,3.3523,2,9.7063,0.5833,True
2,3.3523,2,9.7063,0.5833,True
2,3.3523,2,9.7063,0.5833,True
2,3.3691,2,9.7063,0.5614,True
2,3.3691,2,9.7063,0.5614,True
2,3.3691,2,9.7063,0.5614,True
2,3.3849,2,9.7063,0.5409,True
2,3.3849,2,9.7063,0.5409,True
2,3.3849,2,9.7063,0.5409,True
2,3.4001,2,9.7063,0.5210,True
2,3.4001,2,9.7063,0.5210,True
2,3.4001,2,9.7063,0.5210,True
2,3.4001,2,9.7063,0.5210,True
2,3.4196,2,9.7063,0.4957,True
2,3.4196,2,9.7063,0.4957,True
2,3.4196,2,9.7063,0.4957,True
2,3.4356,2,9.7063,0.4750,True
2,3.4356,2,9.7063,0.4750,True
2,3.4356,2,9.7063,0.4750,True
2,3.4518,2,9.7063,0.4539,True
2,3.4518,2,9.7063,0.4539,True
2,3.4518,2,9.7063,0.4539,True
2,3.4682,2,9.7063,0.4325,True
2,3.4682,2,9.7063,0.4325,True
2,3.4682,2,9.7063,0.4325,True
2,3.4849,2,9.7063,0.4109,True
2,3.4849,2,9.7063,0.4109,True
2,3.4849,2,9.7063,0.4109,True
2,3.5015,2,9.7063,0.3892,True
2,3.5015,2,9.7063,0.3892,True
2,3.5015,2,9.7063,0.3892,True
2,3.5192,2,9.7063,0.3662,True
2,3.5192,2,9.7063,0.3662,True
2,3.5315,2,9.7063,0.3502,True
2,3.5315,2,9.7063,0.3502,True
2,3.5315,2,9.7063,0.3502,True
2,3.5487,2,9.7063,0.3279,True
2,3.5487,2,9.7063,0.3279,True
2,3.5487,2,9.7063,0.3279,True
2,3.5667,2,9.7063,0.3045,True
2,3.5667,2,9.7063,0.3045,True
2,3.5667,2,9.7063,0.3045,True
2,3.5832,2,9.7063,0.2830,True
2,3.5832,2,9.7063,0.2830,True
2,3.5832,2,9.7063,0.2830,True
2,3.5999,2,9.7063,0.2614,True
2,3.5999,2,9.7063,0.2614,True
2,3.5999,2,9.7063,0.2614,True
2,3.6163,2,9.7063,0.2401,True
2,3.6163,2,9.7063,0.2401,True
2,3.6163,2,9.7063,0.2401,True
2,3.6325,2,9.7063,0.2190,True
2,3.6325,2,9.7063,0.2190,True
2,3.6325,2,9.7063,0.2190,True
2,3.6488,2,9.7063,0.1978,True
2,3.6488,2,9.7063,0.1978,True
2,3.6488,2,9.7063,0.1978,True
2,3.6652,2,9.7063,0.1764,True
2,3.6652,2,9.7063,0.1764,True
2,3.6652,2,9.7063,0.1764,True
2,3.6831,2,9.7063,0.1531,True
2,3.6831,2,9.7063,0.1531,True
2,3.6831,2,9.7063,0.1531,True
2,3.7004,2,9.7063,0.1307,True
2,3.7004,2,9.7063,0.1307,True
2,3.7004,2,9.7063,0.1307,True
2,3.7189,2,9.7063,0.1066,True
2,3.7189,2,9.7063,0.1066,True
2,3.7324,2,9.7063,0.0891,True
2,3.7324,2,9.7063,0.0891,True
2,3.7324,2,9.7063,0.0891,True
2,3.7519,2,9.7063,0.0638,True
2,3.7519,2,9.7063,0.0638,True
2,3.7651,2,9.7063,0.0466,True
2,3.7651,2,9.7063,0.0466,True
2,3.7651,2,9.7063,0.0466,True
2,3.7826,2,9.7063,0.0239,True
2,3.7826,2,9.7063,0.0239,True
2,3.7826,2,9.7063,0.0239,True
2,3.7989,2,9.7063,0.0026,True
2,3.7989,2,9.7063,0.0026,True
2,3.7989,2,9.7063,0.0026,True
3,3.3667,1,0.0000,0.6500,False
3,3.3667,1,0.0000,0.6500,False
3,3.3805,2,0.3875,0.6500,False
3,3.3805,2,0.3875,0.6500,False
3,3.3805,2,0.3875,0.6500,False
3,3.3989,2,0.9037,0.6500,False
3,3.3989,2,0.9037,0.6500,False
3,3.4150,2,1.3543,0.6500,False
3,3.4150,2,1.3543,0.6500,False
3,3.4150,2,1.3543,0.6500,False
3,3.4346,2,1.9038,0.6500,False
3,3.4346,2,1.9038,0.6500,False
3,3.4472,2,2.2545,0.6500,False
3,3.4472,2,2.2545,0.6500,False
3,3.4472,2,2.2545,0.6500,False
3,3.4666,2,2.7999,0.6500,False
3,3.4666,2,2.7999,0.6500,False
3,3.4795,2,3.1612,0.6500,False
3,3.4795,2,3.1612,0.6500,False
3,3.4795,2,3.1612,0.6500,False
3,3.4990,2,3.7050,0.6500,False
3,3.4990,2,3.7050,0.6500,False
3,3.4990,2,3.7050,0.6500,False
3,3.5177,2,4.2297,0.6500,False
3,3.5177,2,4.2297,0.6500,False
3,3.5310,2,4.6027,0.6500,False
3,3.5310,2,4.6027,0.6500,False
3,3.5310,2,4.6027,0.6500,False
3,3.5514,2,5.1741,0.6500,False
3,3.5514,2,5.1741,0.6500,False
3,3.5662,2,5.5877,0.6500,False
3,3.5662,2,5.5877,0.6500,False
3,3.5800,2,5.9726,0.6500,False
3,3.5800,2,5.9726,0.6500,False
3,3.5800,2,5.9726,0.6500,False
3,3.6001,2,6.5356,0.6500,False
3,3.6001,2,6.5356,0.6500,False
3,3.6139,2,6.9230,0.6500,False
3,3.6139,2,6.9230,0.6500,False
3,3.6139,2,6.9230,0.6500,False
3,3.6344,2,7.4959,0.6500,False
3,3.6344,2,7.4959,0.6500,False
3,3.6487,2,7.8963,0.6500,False
3,3.6487,2,7.8963,0.6500,False
3,3.6487,2,7.8963,0.6500,False
3,3.6682,2,8.4448,0.6500,False
3,3.6682,2,8.4448,0.6500,False
3,3.6818,2,8.8251,0.6500,False
3,3.6818,2,8.8251,0.6500,False
3,3.6963,2,9.2301,0.6500,False
3,3.6963,2,9.2301,0.6500,False
3,3.6963,2,9.2301,0.6500,False
3,3.7409,2,9.6836,0.6500,True
3,3.7491,2,9.6836,0.6394,True
3,3.7491,2,9.6836,0.6394,True
3,3.7630,2,9.6836,0.6214,True
3,3.7630,2,9.6836,0.6214,True
3,3.7630,2,9.6836,0.6214,True
3,3.7792,2,9.6836,0.6002,True
3,3.7792,2,9.6836,0.6002,True
3,3.7792,2,9.6836,0.6002,True
3,3.7958,2,9.6836,0.5787,True
3,3.7958,2,9.6836,0.5787,True
3,3.7958,2,9.6836,0.5787,True
3,3.8132,2,9.6836,0.5560,True
3,3.8132,2,9.6836,0.5560,True
3,3.8132,2,9.6836,0.5560,True
3,3.8299,2,9.6836,0.5344,True
3,3.8299,2,9.6836,0.5344,True
3,3.8299,2,9.6836,0.5344,True
3,3.8466,2,9.6836,0.5126,True
3,3.8466,2,9.6836,0.5126,True
3,3.8466,2,9.6836,0.5126,True
3,3.8627,2,9.6836,0.4917,True
3,3.8627,2,9.6836,0.4917,True
3,3.8627,2,9.6836,0.4917,True
3,3.8781,2,9.6836,0.4717,True
3,3.8781,2,9.6836,0.4717,True
3,3.8781,2,9.6836,0.4717,True
3,3.8943,2,9.6836,0.4507,True
3,3.8943,2,9.6836,0.4507,True
3,3.8943,2,9.6836,0.4507,True
3,3.8943,2,9.6836,0.4507,True
3,3.9139,2,9.6836,0.4252,True
3,3.9139,2,9.6836,0.4252,True
3,3.9139,2,9.6836,0.4252,True
3,3.9300,2,9.6836,0.4042,True
3,3.9300,2,9.6836,0.4042,True
3,3.9300,2,9.6836,0.4042,True
3,3.9483,2,9.6836,0.3804,True
3,3.9483,2,9.6836,0.3804,True
3,3.9604,2,9.6836,0.3647,True
3,3.9604,2,9.6836,0.3647,True
3,3.9604,2,9.6836,0.3647,True
3,3.9771,2,9.6836,0.3430,True
3,3.9771,2,9.6836,0.3430,True
3,3.9771,2,9.6836,0.3430,True
3,3.9771,2,9.6836,0.3430,True
3,3.9978,2,9.6836,0.3161,True
3,3.9978,2,9.6836,0.3161,True
3,4.0103,2,9.6836,0.2999,True
3,4.0103,2,9.6836,0.2999,True
3,4.0103,2,9.6836,0.2999,True
3,4.0271,2,9.6836,0.2781,True
3,4.0271,2,9.6836,0.2781,True
3,4.0271,2,9.6836,0.2781,True
3,4.0441,2,9.6836,0.2559,True
3,4.0441,2,9.6836,0.2559,True
3,4.0441,2,9.6836,0.2559,True
3,4.0614,2,9.6836,0.2334,True
3,4.0614,2,9.6836,0.2334,True
3,4.0614,2,9.6836,0.2334,True
3,4.0783,2,9.6836,0.2114,True
3,4.0783,2,9.6836,0.2114,True
3,4.0783,2,9.6836,0.2114,True
3,4.0945,2,9.6836,0.1904,True
3,4.0945,2,9.6836,0.1904,True
3,4.0945,2,9.6836,0.1904,True
3,4.1112,2,9.6836,0.1687,True
3,4.1112,2,9.6836,0.1687,True
3,4.1112,2,9.6836,0.1687,True
3,4.1288,2,9.6836,0.1459,True
3,4.1288,2,9.6836,0.1459,True
3,4.1288,2,9.6836,0.1459,True
3,4.1466,2,9.6836,0.1227,True
3,4.1466,2,9.6836,0.1227,True
3,4.1466,2,9.6836,0.1227,True
3,4.1633,2,9.6836,0.1009,True
3,4.1633,2,9.6836,0.1009,True
3,4.1633,2,9.6836,0.1009,True
3,4.1804,2,9.6836,0.0787,True
3,4.1804,2,9.6836,0.0787,True
3,4.1804,2,9.6836,0.0787,True
3,4.1974,2,9.6836,0.0566,True
3,4.1974,2,9.6836,0.0566,True
3,4.1974,2,9.6836,0.0566,True
3,4.2139,2,9.6836,0.0352,True
3,4.2139,2,9.6836,0.0352,True
3,4.2139,2,9.6836,0.0352,True
3,4.2312,2,9.6836,0.0126,True
3,4.2312,2,9.6836,0.0126,True
