case,fps,gravity,time,height,velocity,cameraY
0,60,9.81,0,0,-0.5,2.25
0,60,9.81,0.02062225,0.07962781,3.759482,2.329628
0,60,9.81,0.03184509,0.121195,3.649405,2.371195
0,60,9.81,0.05609894,0.2068373,3.41143,2.456837
0,60,9.81,0.07312012,0.2634741,3.244478,2.513474
0,60,9.81,0.08937073,0.3149,3.085071,2.5649
0,60,9.81,0.1015778,0.3518414,2.965278,2.601841
0,60,9.81,0.121582,0.4091872,2.76907,2.659187
0,60,9.81,0.1325684,0.4390244,2.661267,2.689024
0,60,9.81,0.1515732,0.487817,2.47488,2.737817
0,60,9.81,0.1714325,0.5350394,2.280027,2.785039
0,60,9.81,0.1903381,0.5763968,2.094539,2.826396
0,60,9.81,0.2004013,0.5969743,1.995837,2.846974
0,60,9.81,0.2203064,0.6347551,1.800584,2.884755
0,60,9.81,0.2391739,0.6669786,1.615512,2.916978
0,60,9.81,0.2519073,0.6867563,1.490584,2.936756
0,60,9.81,0.2698593,0.711935,1.31447,2.961935
0,60,9.81,0.2822952,0.7275189,1.192508,2.977519
0,60,9.81,0.3027496,0.7498591,0.9918486,2.999859
0,60,9.81,0.3143387,0.7606951,0.8781576,3.010695
0,60,9.81,0.3393173,0.7795709,0.6331008,3.029571
0,60,9.81,0.3488159,0.7851433,0.539895,3.035143
0,60,9.81,0.3702927,0.7944746,0.3292517,3.044474
0,60,9.81,0.3921967,0.7985996,0.1143137,3.048599
0,60,9.81,0.4036713,0.7985996,0.001741002,3.048599
0,60,9.81,0.4147644,0.7985996,-0.1070225,3.048599
0,60,9.81,0.4334946,0.7954534,-0.2908188,3.045453
0,60,9.81,0.451088,0.7892439,-0.4633777,3.039244
0,60,9.81,0.469368,0.7791317,-0.6427447,3.029131
0,60,9.81,0.4821243,0.7701375,-0.7678447,3.020137
0,60,9.81,0.5015793,0.7533423,-0.9587021,3.003342
0,60,9.81,0.519989,0.734028,-1.139323,2.984028
0,60,9.81,0.5380325,0.7118715,-1.316345,2.961871
0,60,9.81,0.5555038,0.6873782,-1.487725,2.937378
0,60,9.81,0.5661545,0.670982,-1.592174,2.920982
0,60,9.81,0.5834351,0.6419969,-1.761734,2.891996
0,60,9.81,0.6014786,0.6086169,-1.938716,2.858617
0,60,9.81,0.6178665,0.575524,-2.099501,2.825524
0,60,9.81,0.6355743,0.5368184,-2.273172,2.786818
0,60,9.81,0.6532288,0.4951611,-2.44635,2.745161
0,60,9.81,0.6704102,0.4516711,-2.614938,2.701671
0,60,9.81,0.6886139,0.4024366,-2.793542,2.652436
0,60,9.81,0.7068634,0.3498265,-2.972556,2.599826
0,60,9.81,0.7189178,0.3132789,-3.090818,2.563279
0,60,9.81,0.739563,0.2473748,-3.293356,2.497375
0,60,9.81,0.7505188,0.2107144,-3.400804,2.460714
0,60,9.81,0.7717896,0.1361639,-3.609453,2.386164
0,60,9.81,0.7836151,0.09279589,-3.725457,2.342795
0,60,9.81,0.8040009,-1.490116E-08,-0.5,2.25
0,60,9.81,0.8169861,-1.490116E-08,-0.5,2.25
0,60,9.81,0.8348846,-1.490116E-08,-0.5,2.25
0,60,9.81,0.8534622,-1.490116E-08,-0.5,2.25
0,60,9.81,0.8717499,-1.490116E-08,-0.5,2.25
0,60,9.81,0.8834152,-1.490116E-08,-0.5,2.25
0,60,9.81,0.9006958,-1.490116E-08,-0.5,2.25
0,60,9.81,0.9181671,-1.490116E-08,-0.5,2.25
0,60,9.81,0.9356995,-1.490116E-08,-0.5,2.25
0,60,9.81,0.9552994,-1.490116E-08,-0.5,2.25
0,60,9.81,0.9740448,-1.490116E-08,-0.5,2.25
0,60,9.81,0.9854279,-1.490116E-08,-0.5,2.25
0,60,9.81,1.002953,-1.490116E-08,-0.5,2.25
0,60,9.81,1.023636,-1.490116E-08,-0.5,2.25
0,60,9.81,1.034622,-1.490116E-08,-0.5,2.25
0,60,9.81,1.052925,-1.490116E-08,-0.5,2.25
0,60,9.81,1.064537,-1.490116E-08,-0.5,2.25
0,60,9.81,1.085892,-1.490116E-08,-0.5,2.25
0,60,9.81,1.106667,-1.490116E-08,-0.5,2.25
0,60,9.81,1.123474,-1.490116E-08,-0.5,2.25
0,60,9.81,1.14045,-1.490116E-08,-0.5,2.25
0,60,9.81,1.156677,-1.490116E-08,-0.5,2.25
0,60,9.81,1.173454,-1.490116E-08,-0.5,2.25
0,60,9.81,1.191414,-1.490116E-08,-0.5,2.25
1,60,22,0,0,-0.5,2.25
1,60,22,0.01661682,0.09557348,5.567295,2.345573
1,60,22,0.03522491,0.1953263,5.158066,2.445326
1,60,22,0.04531097,0.2462443,4.936117,2.496244
1,60,22,0.06433868,0.3361725,4.517567,2.586172
1,60,22,0.08390808,0.4203807,4.08696,2.67038
1,60,22,0.09697723,0.4719201,3.799409,2.72192
1,60,22,0.110611,0.521665,3.499534,2.771665
1,60,22,0.1336365,0.5964247,2.992876,2.846424
1,60,22,0.1517944,0.6471368,2.593448,2.897136
1,60,22,0.1668396,0.6836573,2.262537,2.933657
1,60,22,0.1811829,0.7138596,1.946837,2.963859
1,60,22,0.1969604,0.7418343,1.599777,2.991834
1,60,22,0.2223282,0.7753391,1.041669,3.025339
1,60,22,0.2348022,0.7866219,0.7672217,3.036622
1,60,22,0.2483826,0.7950109,0.468521,3.045011
1,60,22,0.2626495,0.7994566,0.1546163,3.049456
1,60,22,0.2818222,0.7994566,-0.2671149,3.049456
1,60,22,0.2993546,0.791949,-0.6528981,3.041949
1,60,22,0.3171158,0.7768832,-1.043633,3.026883
1,60,22,0.3348312,0.7549435,-1.433361,3.004943
1,60,22,0.3538666,0.723671,-1.852164,2.97367
1,60,22,0.3669662,0.6975242,-2.14032,2.947524
1,60,22,0.3874741,0.6489998,-2.591534,2.898999
1,60,22,0.3983231,0.6195968,-2.830154,2.869596
1,60,22,0.4174728,0.5613583,-3.251503,2.811358
1,60,22,0.4373398,0.492415,-3.688601,2.742414
1,60,22,0.4489136,0.4482543,-3.943203,2.698254
1,60,22,0.4692078,0.3637226,-4.389561,2.613722
1,60,22,0.4811325,0.3098025,-4.651959,2.559802
1,60,22,0.502533,0.2051885,-5.122865,2.455188
1,60,22,0.5145874,0.1418505,-5.388007,2.39185
1,60,22,0.5335007,0.03602111,-5.80406,2.286021
1,60,22,0.5510559,5.960464E-08,-0.5,2.25
1,60,22,0.5707932,5.960464E-08,-0.5,2.25
1,60,22,0.5809174,0,-0.5,2.25
1,60,22,0.5994415,0,-0.5,2.25
1,60,22,0.6184235,0,-0.5,2.25
1,60,22,0.6350021,0,-0.5,2.25
1,60,22,0.6520081,0,-0.5,2.25
1,60,22,0.6696625,0,-0.5,2.25
1,60,22,0.6800308,0,-0.5,2.25
1,60,22,0.6987152,0,-0.5,2.25
1,60,22,0.71698,0,-0.5,2.25
1,60,22,0.7346878,0,-0.5,2.25
1,60,22,0.7529678,0,-0.5,2.25
1,60,22,0.7633514,0,-0.5,2.25
1,60,22,0.7822876,0,-0.5,2.25
1,60,22,0.8002167,0,-0.5,2.25
1,60,22,0.8196411,0,-0.5,2.25
1,60,22,0.8308945,0,-0.5,2.25
1,60,22,0.8511658,0,-0.5,2.25
1,60,22,0.8715591,0,-0.5,2.25
1,60,22,0.8830185,0,-0.5,2.25
1,60,22,0.9043121,0,-0.5,2.25
1,60,22,0.9150162,0,-0.5,2.25
1,60,22,0.9337845,0,-0.5,2.25
1,60,22,0.9544601,0,-0.5,2.25
1,60,22,0.9651642,0,-0.5,2.25
1,60,22,0.9838028,0,-0.5,2.25
1,60,22,1.003395,0,-0.5,2.25
1,60,22,1.014023,0,-0.5,2.25
1,60,22,1.033745,0,-0.5,2.25
1,60,22,1.053795,0,-0.5,2.25
1,60,22,1.065552,0,-0.5,2.25
1,60,22,1.084328,0,-0.5,2.25
1,60,22,1.102432,0,-0.5,2.25
1,60,22,1.113991,0,-0.5,2.25
1,60,22,1.133415,0,-0.5,2.25
1,60,22,1.152275,0,-0.5,2.25
1,60,22,1.16423,0,-0.5,2.25
1,60,22,1.183167,0,-0.5,2.25
2,60,22,0,0,-0.5,2.25
2,60,22,0.01129913,0.06563956,5.684352,2.315639
2,60,22,0.02988434,0.1674875,5.275467,2.417487
2,60,22,0.04964447,0.2674526,4.84067,2.517452
2,60,22,0.0619812,0.325485,4.569317,2.575485
2,60,22,0.08189392,0.4121116,4.131234,2.662111
2,60,22,0.1001129,0.483734,3.730376,2.733734
2,60,22,0.1105347,0.5214043,3.501173,2.771404
2,60,22,0.1290359,0.5824137,3.094156,2.832413
2,60,22,0.1480713,0.6373279,2.675364,2.887328
2,60,22,0.1633911,0.6757259,2.338387,2.925725
2,60,22,0.1798019,0.7111448,1.977277,2.961144
2,60,22,0.200592,0.7475026,1.519831,2.997502
2,60,22,0.2117004,0.7630258,1.275486,3.013025
2,60,22,0.2314148,0.7838957,0.8417757,3.033895
2,60,22,0.2431946,0.7922851,0.5826266,3.042285
2,60,22,0.2631226,0.7989399,0.1441489,3.04894
2,60,22,0.2840881,0.7977813,-0.3170128,3.047781
2,60,22,0.2959518,0.7924724,-0.5780032,3.042472
2,60,22,0.3153152,0.7771541,-1.004038,3.027154
2,60,22,0.3263626,0.764726,-1.246968,3.014726
2,60,22,0.3456345,0.7365967,-1.671113,2.986596
2,60,22,0.365654,0.6987489,-2.111379,2.948749
2,60,22,0.3767319,0.6739978,-2.355201,2.923997
2,60,22,0.394783,0.6279026,-2.752301,2.877902
2,60,22,0.4130096,0.5740933,-3.153216,2.824093
2,60,22,0.4303284,0.5161791,-3.53426,2.766179
2,60,22,0.4478302,0.4509596,-3.919267,2.700959
2,60,22,0.4651642,0.3797201,-4.300604,2.62972
2,60,22,0.4822998,0.3027817,-4.677658,2.552781
2,60,22,0.4933701,0.2496589,-4.921167,2.499659
2,60,22,0.5112534,0.1581051,-5.314721,2.408105
2,60,22,0.5293045,0.05861402,-5.711731,2.308614
2,60,22,0.5491562,5.960464E-08,-0.5,2.25
2,60,22,0.5605927,5.960464E-08,-0.5,2.25
2,60,22,0.5809097,0,-0.5,2.25
2,60,22,0.5923615,0,-0.5,2.25
2,60,22,0.6110611,0,-0.5,2.25
2,60,22,0.6305008,0,-0.5,2.25
2,60,22,0.6424408,0,-0.5,2.25
2,60,22,0.6753616,0,-0.5,2.25
2,60,22,0.6908417,0,-0.5,2.25
2,60,22,0.7025223,0,-0.5,2.25
2,60,22,0.7157593,0,-0.5,2.25
2,60,22,0.7277527,0,-0.5,2.25
2,60,22,0.748909,0,-0.5,2.25
2,60,22,0.7685318,0,-0.5,2.25
2,60,22,0.7809219,0,-0.5,2.25
2,60,22,0.8014374,0,-0.5,2.25
2,60,22,0.8127441,0,-0.5,2.25
2,60,22,0.8323593,0,-0.5,2.25
2,60,22,0.8447952,0,-0.5,2.25
2,60,22,0.8672256,0,-0.5,2.25
2,60,22,0.8795547,0,-0.5,2.25
2,60,22,0.8996429,0,-0.5,2.25
2,60,22,0.9197388,0,-0.5,2.25
2,60,22,0.9337845,0,-0.5,2.25
2,60,22,0.9456024,0,-0.5,2.25
2,60,22,0.9671021,0,-0.5,2.25
2,60,22,0.9870758,0,-0.5,2.25
2,60,22,0.9984818,0,-0.5,2.25
2,60,22,1.011177,0,-0.5,2.25
2,60,22,1.031525,0,-0.5,2.25
2,60,22,1.050751,0,-0.5,2.25
2,60,22,1.062477,0,-0.5,2.25
2,60,22,1.081932,0,-0.5,2.25
2,60,22,1.094444,0,-0.5,2.25
2,60,22,1.116714,0,-0.5,2.25
2,60,22,1.129509,0,-0.5,2.25
2,60,22,1.151306,0,-0.5,2.25
2,60,22,1.162056,0,-0.5,2.25
2,60,22,1.182556,0,-0.5,2.25
3,30,22,0,0,-0.5,2.25
3,30,22,0.01003265,0.05843353,5.712173,2.308433
3,30,22,0.06326294,0.331302,4.541223,2.581302
3,30,22,0.09945679,0.4812589,3.744944,2.731258
3,30,22,0.1283035,0.5801481,3.110222,2.830148
3,30,22,0.1649475,0.6793325,2.304205,2.929332
3,30,22,0.200676,0.7476236,1.518077,2.997623
3,30,22,0.2287369,0.7815593,0.9007682,3.031559
3,30,22,0.2651825,0.7993627,0.09896284,3.049362
3,30,22,0.2979279,0.7908086,-0.6214293,3.040808
3,30,22,0.3295441,0.760162,-1.317052,3.010162
3,30,22,0.3663864,0.6967106,-2.127554,2.94671
3,30,22,0.4025116,0.6054897,-2.922364,2.855489
3,30,22,0.4331818,0.5055295,-3.597007,2.755529
3,30,22,0.4659882,0.3756728,-4.318814,2.625672
3,30,22,0.4982224,0.2250595,-5.027836,2.475059
3,30,22,0.5302277,0.0528428,-5.732074,2.302843
3,30,22,0.5631866,5.960464E-08,-0.5,2.25
3,30,22,0.5969315,5.960464E-08,-0.5,2.25
3,30,22,0.6291275,0,-0.5,2.25
3,30,22,0.66259,0,-0.5,2.25
3,30,22,0.7000198,0,-0.5,2.25
3,30,22,0.7320404,0,-0.5,2.25
3,30,22,0.7634048,0,-0.5,2.25
3,30,22,0.7963562,0,-0.5,2.25
3,30,22,0.8308182,0,-0.5,2.25
3,30,22,0.8681488,0,-0.5,2.25
3,30,22,0.8976364,0,-0.5,2.25
3,30,22,0.9242783,0,-0.5,2.25
3,30,22,0.9616776,0,-0.5,2.25
3,30,22,0.9937744,0,-0.5,2.25
3,30,22,1.027054,0,-0.5,2.25
3,30,22,1.063217,0,-0.5,2.25
3,30,22,1.094559,0,-0.5,2.25
3,30,22,1.128769,0,-0.5,2.25
3,30,22,1.163826,0,-0.5,2.25
4,30,22,0,0,-0.5,2.25
4,30,22,0.06389618,0.3342085,4.527122,2.584208
4,30,22,0.07482147,0.3823342,4.286875,2.632334
4,30,22,0.1025467,0.4927328,3.676923,2.742733
4,30,22,0.1366272,0.6052837,2.927033,2.855283
4,30,22,0.1698608,0.6904057,2.19594,2.940405
4,30,22,0.2052002,0.7542745,1.418425,3.004274
4,30,22,0.2393188,0.789333,0.6679434,3.039333
4,30,22,0.2688675,0.7994655,0.0178588,3.049465
4,30,22,0.3054886,0.7853686,-0.7877724,3.035368
4,30,22,0.3398666,0.7452865,-1.544084,2.995286
4,30,22,0.3725128,0.6831516,-2.262329,2.933151
4,30,22,0.4042511,0.6002734,-2.960536,2.850273
4,30,22,0.4384918,0.4859977,-3.71388,2.735997
4,30,22,0.470253,0.3569257,-4.412717,2.606925
4,30,22,0.5059509,0.1854057,-5.197976,2.435405
4,30,22,0.542511,5.960464E-08,-0.5,2.25
4,30,22,0.5718765,5.960464E-08,-0.5,2.25
4,30,22,0.6044617,5.960464E-08,-0.5,2.25
4,30,22,0.641243,5.960464E-08,-0.5,2.25
4,30,22,0.675415,5.960464E-08,-0.5,2.25
4,30,22,0.6988983,5.960464E-08,-0.5,2.25
4,30,22,0.7407227,5.960464E-08,-0.5,2.25
4,30,22,0.7654495,5.960464E-08,-0.5,2.25
4,30,22,0.8075027,5.960464E-08,-0.5,2.25
4,30,22,0.8372955,5.960464E-08,-0.5,2.25
4,30,22,0.8737946,5.960464E-08,-0.5,2.25
4,30,22,0.9069748,5.960464E-08,-0.5,2.25
4,30,22,0.9401627,5.960464E-08,-0.5,2.25
4,30,22,0.9697266,5.960464E-08,-0.5,2.25
4,30,22,1.003479,5.960464E-08,-0.5,2.25
4,30,22,1.037239,5.960464E-08,-0.5,2.25
4,30,22,1.075348,5.960464E-08,-0.5,2.25
4,30,22,1.10257,5.960464E-08,-0.5,2.25
4,30,22,1.137337,5.960464E-08,-0.5,2.25
4,30,22,1.174797,5.960464E-08,-0.5,2.25
5,30,22,0,0,-0.5,2.25
5,30,22,0.03694916,0.2042357,5.119925,2.454236
5,30,22,0.06725311,0.3492736,4.453309,2.599273
5,30,22,0.1049652,0.5015795,3.623603,2.751579
5,30,22,0.1356659,0.6024588,2.948188,2.852458
5,30,22,0.1661148,0.6820332,2.278274,2.932033
5,30,22,0.2046509,0.7534923,1.430502,3.003492
5,30,22,0.2380142,0.7889535,0.6966284,3.038953
5,30,22,0.2678604,0.7999464,0.0400076,3.049946
5,30,22,0.3006744,0.7894146,-0.6819091,3.039414
5,30,22,0.3323669,0.7567465,-1.379274,3.006746
5,30,22,0.3735046,0.6813932,-2.284281,2.931393
5,30,22,0.4036255,0.6026228,-2.946836,2.852623
5,30,22,0.439743,0.4818229,-3.741529,2.731822
5,30,22,0.4694748,0.3608559,-4.395633,2.610856
5,30,22,0.5093231,0.1682607,-5.27217,2.418261
5,30,22,0.5417328,0,-0.5,2.25
5,30,22,0.5707245,0,-0.5,2.25
5,30,22,0.6058197,0,-0.5,2.25
5,30,22,0.6352081,0,-0.5,2.25
5,30,22,0.6717682,0,-0.5,2.25
5,30,22,0.7067795,0,-0.5,2.25
5,30,22,0.735405,0,-0.5,2.25
5,30,22,0.7724838,0,-0.5,2.25
5,30,22,0.8023987,0,-0.5,2.25
5,30,22,0.8365936,0,-0.5,2.25
5,30,22,0.8729858,0,-0.5,2.25
5,30,22,0.9051514,0,-0.5,2.25
5,30,22,0.9359894,0,-0.5,2.25
5,30,22,0.9705353,0,-0.5,2.25
5,30,22,1.000725,0,-0.5,2.25
5,30,22,1.036049,0,-0.5,2.25
5,30,22,1.077393,0,-0.5,2.25
5,30,22,1.100433,0,-0.5,2.25
5,30,22,1.135338,0,-0.5,2.25
5,30,22,1.169495,0,-0.5,2.25
