0.000,-0.050,-0.5
0.333,1.270,3.961818
0.341,1.299,3.888402
0.341,1.299,3.888402
0.341,1.299,3.888402
0.358,1.362,3.72164
0.358,1.362,3.72164
0.370,1.408,3.59771
0.370,1.408,3.59771
0.370,1.408,3.59771
0.387,1.464,3.436924
0.387,1.464,3.436924
0.387,1.464,3.436924
0.406,1.525,3.25277
0.406,1.525,3.25277
0.406,1.525,3.25277
0.425,1.585,3.060116
0.425,1.585,3.060116
0.438,1.623,2.934784
0.438,1.623,2.934784
0.438,1.623,2.934784
0.456,1.673,2.755284
0.456,1.673,2.755284
0.456,1.673,2.755284
0.474,1.717,2.586164
0.474,1.717,2.586164
0.474,1.717,2.586164
0.492,1.761,2.409828
0.492,1.761,2.409828
0.505,1.791,2.276484
0.505,1.791,2.276484
0.505,1.791,2.276484
0.526,1.834,2.07651
0.526,1.834,2.07651
0.543,1.866,1.908921
0.543,1.866,1.908921
0.558,1.893,1.759244
0.558,1.893,1.759244
0.572,1.916,1.615874
0.572,1.916,1.615874
0.587,1.937,1.477329
0.587,1.937,1.477329
0.587,1.937,1.477329
0.607,1.963,1.278827
0.607,1.963,1.278827
0.620,1.977,1.154226
0.620,1.977,1.154226
0.620,1.977,1.154226
0.639,1.996,0.9652759
0.639,1.996,0.9652759
0.652,2.007,0.8312047
0.652,2.007,0.8312047
0.652,2.007,0.8312047
0.672,2.020,0.6364958
0.672,2.020,0.6364958
0.672,2.020,0.6364958
0.714,2.029,0.226062
0.720,2.030,0.1638451
0.720,2.030,0.1638451
0.733,2.030,0.03785127
0.733,2.030,0.03785127
0.733,2.030,0.03785127
0.751,2.027,-0.1335314
0.751,2.027,-0.1335314
0.751,2.027,-0.1335314
0.769,2.021,-0.3132663
0.769,2.021,-0.3132663
0.782,2.015,-0.4397564
0.782,2.015,-0.4397564
0.782,2.015,-0.4397564
0.799,2.005,-0.6037943
0.799,2.005,-0.6037943
0.815,1.993,-0.7611173
0.815,1.993,-0.7611173
0.815,1.993,-0.7611173
0.833,1.975,-0.9418411
0.833,1.975,-0.9418411
0.833,1.975,-0.9418411
0.850,1.956,-1.110797
0.850,1.956,-1.110797
0.850,1.956,-1.110797
0.870,1.930,-1.304936
0.870,1.930,-1.304936
0.884,1.910,-1.443649
0.884,1.910,-1.443649
0.884,1.910,-1.443649
0.902,1.881,-1.614603
0.902,1.881,-1.614603
0.902,1.881,-1.614603
0.918,1.853,-1.773366
0.918,1.853,-1.773366
0.918,1.853,-1.773366
0.934,1.821,-1.932098
0.934,1.821,-1.932098
0.948,1.793,-2.064593
0.948,1.793,-2.064593
0.948,1.793,-2.064593
0.948,1.793,-2.064593
0.969,1.744,-2.275915
0.969,1.744,-2.275915
0.982,1.714,-2.399935
0.982,1.714,-2.399935
1.000,1.668,-2.57352
1.014,1.628,-2.717972
1.014,1.628,-2.717972
1.014,1.628,-2.717972
1.038,1.558,-2.95204
1.047,1.531,-3.040499
1.047,1.531,-3.040499
1.047,1.531,-3.040499
1.067,1.465,-3.239048
1.067,1.465,-3.239048
1.067,1.465,-3.239048
1.086,1.403,-3.417283
1.086,1.403,-3.417283
1.098,1.358,-3.541488
1.098,1.358,-3.541488
1.098,1.358,-3.541488
1.098,1.358,-3.541488
1.118,1.282,-3.740387
1.118,1.282,-3.740387
1.118,1.282,-3.740387
1.134,1.220,-3.895836
1.134,1.220,-3.895836
1.134,1.220,-3.895836
1.150,1.158,-4.047005
1.150,1.158,-4.047005
1.150,1.158,-4.047005
1.150,1.158,-4.047005
1.169,1.076,-4.236294
1.169,1.076,-4.236294
1.169,1.076,-4.236294
1.184,1.012,-4.381429
1.184,1.012,-4.381429
1.184,1.012,-4.381429
1.199,0.942,-4.531454
1.199,0.942,-4.531454
1.199,0.942,-4.531454
1.199,0.942,-4.531454
1.219,0.849,-4.725206
1.219,0.849,-4.725206
1.233,0.781,-4.863105
1.233,0.781,-4.863105
1.233,0.781,-4.863105
1.233,0.781,-4.863105
1.252,0.684,-5.051219
1.252,0.684,-5.051219
1.265,0.615,-5.181675
1.265,0.615,-5.181675
1.265,0.615,-5.181675
1.283,0.519,-5.357282
1.283,0.519,-5.357282
1.283,0.519,-5.357282
1.301,0.420,-5.531882
1.301,0.420,-5.531882
1.301,0.420,-5.531882
1.318,0.321,-5.702553
1.318,0.321,-5.702553
1.333,0.234,-5.848853
1.333,0.234,-5.848853
1.333,0.234,-5.848853
1.349,0.139,-6.003954
1.349,0.139,-6.003954
1.349,0.139,-6.003954
1.366,0.037,-6.166992
1.366,0.037,-6.166992
1.366,0.037,-6.166992
1.384,-0.050,-0.5
1.384,-0.050,-0.5
1.384,-0.050,-0.5
1.402,-0.050,-0.5
1.402,-0.050,-0.5
1.402,-0.050,-0.5
1.419,-0.050,-0.5
1.419,-0.050,-0.5
1.432,-0.050,-0.5
1.432,-0.050,-0.5
1.432,-0.050,-0.5
1.450,-0.050,-0.5
1.450,-0.050,-0.5
1.450,-0.050,-0.5
1.467,-0.050,-0.5
1.467,-0.050,-0.5
1.467,-0.050,-0.5
1.467,-0.050,-0.5
1.486,-0.050,-0.5
1.486,-0.050,-0.5
1.486,-0.050,-0.5
1.501,-0.050,-0.5
1.501,-0.050,-0.5
1.501,-0.050,-0.5
1.517,-0.050,-0.5
1.517,-0.050,-0.5
1.517,-0.050,-0.5
1.532,-0.050,-0.5
1.532,-0.050,-0.5
1.532,-0.050,-0.5
1.532,-0.050,-0.5
1.551,-0.050,-0.5
1.551,-0.050,-0.5
1.551,-0.050,-0.5
1.566,-0.050,-0.5
1.566,-0.050,-0.5
1.566,-0.050,-0.5
1.566,-0.050,-0.5
1.584,-0.050,-0.5
1.584,-0.050,-0.5
1.584,-0.050,-0.5
1.584,-0.050,-0.5
1.603,-0.050,-0.5
1.603,-0.050,-0.5
1.603,-0.050,-0.5
1.617,-0.050,-0.5
1.617,-0.050,-0.5
1.617,-0.050,-0.5
1.617,-0.050,-0.5
1.636,-0.050,-0.5
1.636,-0.050,-0.5
1.636,-0.050,-0.5
1.650,-0.050,-0.5
1.650,-0.050,-0.5
1.650,-0.050,-0.5
1.650,-0.050,-0.5
1.668,-0.050,-0.5
1.668,-0.050,-0.5
1.668,-0.050,-0.5
1.668,-0.050,-0.5
1.686,-0.050,-0.5
1.686,-0.050,-0.5
1.686,-0.050,-0.5
1.700,-0.050,-0.5
1.700,-0.050,-0.5
1.700,-0.050,-0.5
1.700,-0.050,-0.5
1.718,-0.050,-0.5
1.718,-0.050,-0.5
1.718,-0.050,-0.5
1.732,-0.050,-0.5
1.732,-0.050,-0.5
1.732,-0.050,-0.5
1.732,-0.050,-0.5
1.751,-0.050,-0.5
1.751,-0.050,-0.5
1.751,-0.050,-0.5
1.766,-0.050,-0.5
1.766,-0.050,-0.5
1.766,-0.050,-0.5
1.766,-0.050,-0.5
1.784,-0.050,-0.5
1.784,-0.050,-0.5
1.784,-0.050,-0.5
1.784,-0.050,-0.5
1.801,-0.050,-0.5
1.801,-0.050,-0.5
1.801,-0.050,-0.5
1.816,-0.050,-0.5
1.816,-0.050,-0.5
1.816,-0.050,-0.5
1.816,-0.050,-0.5
1.833,-0.050,-0.5
1.833,-0.050,-0.5
1.833,-0.050,-0.5
1.849,-0.050,-0.5
1.849,-0.050,-0.5
1.849,-0.050,-0.5
1.849,-0.050,-0.5
1.868,-0.050,-0.5
1.868,-0.050,-0.5
1.868,-0.050,-0.5
1.882,-0.050,-0.5
1.882,-0.050,-0.5
1.882,-0.050,-0.5
1.882,-0.050,-0.5
1.900,-0.050,-0.5
1.900,-0.050,-0.5
1.900,-0.050,-0.5
1.900,-0.050,-0.5
1.917,-0.050,-0.5
1.917,-0.050,-0.5
1.917,-0.050,-0.5
1.917,-0.050,-0.5
1.935,-0.050,-0.5
1.935,-0.050,-0.5
1.935,-0.050,-0.5
1.951,-0.050,-0.5
1.951,-0.050,-0.5
1.951,-0.050,-0.5
1.967,-0.050,-0.5
1.967,-0.050,-0.5
1.967,-0.050,-0.5
1.967,-0.050,-0.5
1.986,-0.050,-0.5
1.986,-0.050,-0.5
1.986,-0.050,-0.5
2.000,-0.050,-0.5
