0.333,0.7756,0.691817
0.344,0.7822,0.5911703
0.356,0.7887,0.4709645
0.377,0.7964,0.266475
0.392,0.7993,0.1159886
0.405,0.7993,-0.01133242
0.424,0.7978,-0.1977636
0.440,0.7932,-0.3585897
0.457,0.7859,-0.5248065
0.476,0.7741,-0.7117733
0.492,0.7618,-0.8645248
0.505,0.7494,-0.9951156
0.523,0.7303,-1.168267
0.541,0.7076,-1.345591
0.560,0.6807,-1.529322
0.573,0.6589,-1.663266
0.589,0.6312,-1.819409
0.606,0.5995,-1.983022
0.623,0.5651,-2.150336
0.641,0.5255,-2.323994
0.658,0.4854,-2.48962
0.674,0.4443,-2.646559
0.691,0.3962,-2.819149
0.709,0.3459,-2.989045
0.725,0.2947,-3.153273
0.742,0.2393,-3.321371
0.755,0.1964,-3.445634
0.776,0.1210,-3.653927
0.793,0.0602,-3.813695
0.808,0.0000,-0.5
0.825,0.0000,-0.5
0.841,0.0000,-0.5
0.859,0.0000,-0.5
0.876,0.0000,-0.5
0.892,0.0000,-0.5
0.907,0.0000,-0.5
0.923,0.0000,-0.5
0.942,0.0000,-0.5
0.958,0.0000,-0.5
0.975,0.0000,-0.5
0.990,0.0000,-0.5
1.007,0.0000,-0.5
1.026,0.0000,-0.5
1.039,0.0000,-0.5
1.058,0.0000,-0.5
1.075,0.0000,-0.5
1.089,0.0000,-0.5
1.110,0.0000,-0.5
1.123,0.0000,-0.5
1.142,0.0000,-0.5
1.157,0.0000,-0.5
1.173,0.0000,-0.5
1.191,0.0000,-0.5
1.207,0.0000,-0.5
1.223,0.0000,-0.5
1.244,0.0000,-0.5
1.259,0.0000,-0.5
1.274,0.0000,-0.5
1.288,0.0000,-0.5
1.310,0.0000,-0.5
1.324,0.0000,-0.5
1.345,0.0000,-0.5
1.360,0.0000,-0.5
1.374,0.0000,-0.5
1.393,0.0000,-0.5
1.405,0.0000,-0.5
