0,6.701,0.197,0.010
0,6.701,0.194,-0.014
1,6.702,0.187,-0.049
1,6.704,0.174,-0.098
2,6.706,0.162,-0.134
2,6.709,0.145,-0.178
3,6.713,0.125,-0.221
3,6.717,0.120,-0.265
4,6.722,0.155,-0.304
4,6.728,0.210,-0.347
5,6.735,0.238,-0.388
5,6.741,0.253,-0.426
6,6.750,0.260,-0.466
6,6.760,0.260,-0.515
7,6.769,0.260,-0.552
8,6.780,0.260,-0.591
8,6.790,0.260,-0.629
9,6.803,0.260,-0.671
9,6.814,0.260,-0.707
10,6.828,0.260,-0.747
10,6.841,0.318,-0.785
11,6.857,0.362,-0.825
11,6.875,0.388,-0.872
12,6.890,0.398,-0.908
12,6.903,0.400,-0.939
13,6.924,0.400,-0.984
13,6.938,0.400,-1.014
14,6.957,0.400,-1.051
14,6.981,0.400,-1.096
15,6.996,0.400,-1.124
15,7.015,0.400,-1.157
16,7.041,0.424,-1.200
16,7.065,0.488,-1.240
17,7.085,0.514,-1.270
17,7.110,0.533,-1.308
18,7.131,0.539,-1.337
18,7.160,0.540,-1.377
19,7.183,0.540,-1.407
19,7.205,0.540,-1.436
20,7.234,0.540,-1.471
21,7.260,0.540,-1.500
21,7.291,0.540,-1.535
22,7.320,0.540,-1.567
22,7.345,0.594,-1.593
23,7.376,0.640,-1.624
23,7.407,0.665,-1.656
24,7.433,0.676,-1.680
24,7.466,0.680,-1.710
25,7.499,0.680,-1.739
25,7.527,0.680,-1.763
26,7.564,0.680,-1.793
26,7.595,0.680,-1.818
27,7.631,0.680,-1.845
27,7.659,0.680,-1.866
28,7.695,0.697,-1.891
28,7.732,0.763,-1.917
29,7.763,0.791,-1.936
29,7.799,0.811,-1.959
30,7.838,0.819,-1.982
30,7.868,0.820,-2.000
31,7.907,0.820,-2.021
31,7.947,0.820,-2.043
32,7.979,0.820,-2.059
32,8.020,0.820,-2.079
33,8.059,0.820,-2.097
34,8.096,0.820,-2.112
34,8.138,0.877,-2.130
35,8.175,0.918,-2.144
35,8.210,0.941,-2.157
36,8.255,0.956,-2.173
36,8.289,0.960,-2.185
37,8.332,0.960,-2.197
37,8.368,0.960,-2.209
38,8.416,0.960,-2.221
38,8.451,0.960,-2.231
39,8.495,0.960,-2.241
39,8.530,0.960,-2.249
40,8.574,0.970,-2.257
40,8.619,1.041,-2.266
41,8.656,1.070,-2.272
41,8.701,1.091,-2.278
42,8.736,1.099,-2.283
42,8.781,1.100,-2.288
43,8.825,1.100,-2.291
43,8.860,1.100,-2.294
44,8.904,1.100,-2.296
44,8.949,1.100,-2.298
45,8.988,1.100,-2.298
45,9.033,1.100,-2.298
46,9.069,1.143,-2.297
46,9.118,1.198,-2.296
47,9.155,1.221,-2.293
48,9.201,1.236,-2.289
48,9.237,1.240,-2.285
49,9.284,1.240,-2.280
49,9.324,1.240,-2.275
50,9.356,1.240,-2.269
50,9.403,1.240,-2.262
51,9.443,1.240,-2.254
51,9.486,1.240,-2.246
52,9.528,1.247,-2.236
52,9.566,1.312,-2.227
53,9.609,1.350,-2.215
53,9.645,1.368,-2.205
54,9.682,1.378,-2.194
54,9.728,1.380,-2.179
55,9.764,1.380,-2.167
55,9.808,1.380,-2.151
56,9.841,1.380,-2.138
56,9.883,1.380,-2.122
57,9.919,1.380,-2.106
57,9.962,1.380,-2.088
58,9.994,1.416,-2.072
58,10.035,1.472,-2.052
59,10.066,1.496,-2.036
59,10.106,1.514,-2.015
60,10.145,1.520,-1.992
61,10.176,1.520,-1.974
61,10.214,1.520,-1.951
62,10.252,1.520,-1.926
62,10.283,1.520,-1.905
63,10.315,1.520,-1.883
63,10.354,1.520,-1.856
64,10.382,1.520,-1.835
64,10.412,1.576,-1.812
65,10.447,1.621,-1.784
65,10.482,1.646,-1.756
66,10.512,1.657,-1.729
66,10.544,1.660,-1.702
67,10.574,1.660,-1.673
67,10.603,1.660,-1.646
68,10.634,1.660,-1.614
68,10.666,1.660,-1.582
69,10.695,1.660,-1.552
69,10.721,1.660,-1.523
70,10.747,1.687,-1.492
70,10.774,1.744,-1.461
71,10.801,1.776,-1.427
71,10.829,1.793,-1.392
72,10.853,1.800,-1.360
72,10.876,1.800,-1.328
73,10.900,1.800,-1.293
74,10.922,1.800,-1.258
74,10.944,1.800,-1.224
75,10.965,1.800,-1.189
75,10.988,1.800,-1.152
76,11.008,1.800,-1.115
76,11.027,1.857,-1.080
77,11.046,1.899,-1.044
77,11.066,1.924,-1.004
78,11.084,1.937,-0.965
78,11.102,1.940,-0.928
79,11.118,1.940,-0.890
79,11.132,1.940,-0.856
80,11.149,1.940,-0.813
80,11.162,1.940,-0.778
81,11.176,1.940,-0.735
81,11.189,1.940,-0.700
82,11.201,1.957,-0.657
82,11.214,2.022,-0.614
83,11.225,2.055,-0.572
83,11.234,2.070,-0.540
84,11.243,2.079,-0.496
84,11.253,2.080,-0.452
85,11.260,2.080,-0.416
85,11.268,2.080,-0.374
86,11.273,2.080,-0.336
86,11.280,2.080,-0.289
87,11.284,2.080,-0.253
87,11.289,2.080,-0.207
88,11.292,2.133,-0.165
89,11.294,2.175,-0.127
89,11.296,2.200,-0.087
90,11.297,2.216,-0.039
90,11.297,2.220,0.000
91,11.297,2.220,0.037
91,11.296,2.220,0.084
92,11.294,2.220,0.123
92,11.292,2.220,0.162
93,11.288,2.220,0.203
93,11.284,2.220,0.245
94,11.279,2.220,0.287
94,11.274,2.289,0.327
95,11.268,2.326,0.367
95,11.258,2.353,0.427
96,11.253,2.358,0.453
96,11.243,2.360,0.500
97,11.235,2.360,0.532
97,11.226,2.360,0.573
98,11.212,2.360,0.621
98,11.203,2.360,0.656
99,11.188,2.360,0.701
100,11.176,2.360,0.737
100,11.164,2.395,0.771
100,11.149,2.451,0.813
101,11.132,2.482,0.858
102,11.116,2.495,0.894
102,11.102,2.500,0.928
103,11.082,2.500,0.971
103,11.066,2.500,1.005
104,11.049,2.500,1.038
104,11.027,2.500,1.081
105,11.009,2.500,1.113
105,10.986,2.500,1.155
106,10.967,2.500,1.187
106,10.943,2.573,1.227
107,10.923,2.605,1.257
107,10.897,2.629,1.296
108,10.876,2.638,1.326
108,10.849,2.640,1.364
109,10.828,2.640,1.392
109,10.799,2.640,1.430
110,10.776,2.640,1.458
110,10.745,2.640,1.496
111,10.721,2.640,1.523
111,10.690,2.640,1.558
112,10.664,2.674,1.585
112,10.632,2.733,1.619
113,10.604,2.758,1.646
113,10.577,2.773,1.672
114,10.541,2.780,1.705
115,10.513,2.780,1.729
115,10.479,2.780,1.759
116,10.451,2.780,1.781
116,10.414,2.779,1.811
117,10.385,2.780,1.833
117,10.347,2.780,1.861
118,10.314,2.780,1.884
118,10.282,2.844,1.906
119,10.243,2.887,1.932
119,10.210,2.907,1.953
120,10.177,2.917,1.973
120,10.144,2.920,1.993
121,10.104,2.920,2.015
121,10.068,2.920,2.034
122,10.034,2.920,2.052
122,9.991,2.920,2.073
123,9.957,2.920,2.089
123,9.913,2.920,2.109
124,9.878,2.949,2.123
124,9.835,3.009,2.141
125,9.796,3.038,2.156
125,9.760,3.053,2.169
126,9.725,3.059,2.181
126,9.677,3.060,2.197
127,9.653,3.060,2.204
127,9.599,3.060,2.219
128,9.560,3.060,2.229
129,9.522,3.060,2.238
129,9.485,3.060,2.246
130,9.438,3.060,2.255
130,9.401,3.116,2.262
131,9.356,3.162,2.269
131,9.320,3.183,2.275
132,9.274,3.197,2.280
132,9.237,3.200,2.285
133,9.190,3.200,2.289
133,9.152,3.200,2.292
134,9.114,3.200,2.294
134,9.064,3.200,2.297
135,9.025,3.200,2.297
135,8.988,3.200,2.298
136,8.942,3.222,2.297
136,8.904,3.279,2.296
137,8.856,3.315,2.293
137,8.819,3.331,2.291
138,8.772,3.340,2.286
138,8.736,3.340,2.283
139,8.699,3.340,2.278
139,8.653,3.340,2.272
140,8.609,3.340,2.264
141,8.572,3.340,2.257
141,8.526,3.340,2.248
142,8.491,3.340,2.240
142,8.453,3.387,2.231
143,8.407,3.439,2.219
143,8.371,3.461,2.209
144,8.332,3.475,2.197
144,8.293,3.480,2.186
145,8.251,3.480,2.171
145,8.205,3.480,2.155
146,8.169,3.480,2.142
146,8.134,3.480,2.128
147,8.098,3.480,2.113
147,8.053,3.480,2.094
148,8.020,3.483,2.078
148,7.978,3.558,2.058
149,7.945,3.589,2.041
149,7.905,3.610,2.020
150,7.871,3.619,2.001
150,7.837,3.620,1.982
151,7.798,3.620,1.958
151,7.766,3.620,1.939
152,7.726,3.620,1.912
152,7.695,3.620,1.892
153,7.657,3.620,1.864
154,7.627,3.620,1.842
154,7.589,3.673,1.813
155,7.561,3.714,1.790
155,7.532,3.738,1.767
155,7.495,3.755,1.737
156,7.461,3.760,1.707
157,7.434,3.760,1.681
157,7.405,3.760,1.654
158,7.366,3.760,1.615
158,7.347,3.760,1.595
159,7.313,3.760,1.558
159,7.292,3.760,1.537
160,7.261,3.760,1.500
160,7.235,3.830,1.471
161,7.205,3.870,1.434
161,7.180,3.889,1.403
162,7.158,3.898,1.373
162,7.128,3.900,1.333
163,7.104,4.005,1.298
163,7.086,4.082,1.272
164,7.060,4.131,1.232
164,7.039,4.154,1.199
165,7.020,4.169,1.166
165,6.997,4.178,1.126
166,6.975,4.180,1.086
167,6.957,4.180,1.051
167,6.940,4.180,1.018
167,6.922,4.180,0.982
168,6.904,4.180,0.942
169,6.888,4.180,0.905
169,6.873,4.180,0.867
170,6.858,4.180,0.829
170,6.840,4.180,0.781
171,6.826,4.180,0.742
171,6.813,4.180,0.704
172,6.801,4.180,0.664
172,6.789,4.180,0.626
173,6.779,4.180,0.587
173,6.769,4.180,0.549
174,6.758,4.180,0.502
174,6.750,4.180,0.464
175,6.743,4.180,0.429
175,6.734,4.180,0.384
176,6.729,4.180,0.348
176,6.722,4.180,0.302
177,6.717,4.180,0.255
177,6.712,4.180,0.217
178,6.709,4.180,0.176
178,6.706,4.180,0.136
179,6.704,4.180,0.097
179,6.702,4.180,0.047
180,6.672,4.180,0.046
180,6.619,4.180,0.045
180,6.578,4.180,0.044
180,6.547,4.180,0.043
180,6.495,4.180,0.041
180,6.456,4.180,0.040
180,6.416,4.180,0.039
180,6.376,4.180,0.038
180,6.335,4.180,0.037
180,6.295,4.180,0.036
180,6.256,4.180,0.035
180,6.210,4.180,0.033
180,6.163,4.180,0.032
180,6.131,4.180,0.031
180,6.078,4.180,0.030
180,6.046,4.180,0.029
180,6.008,4.180,0.028
180,5.946,4.180,0.026
180,5.915,4.180,0.025
180,5.868,4.180,0.024
180,5.829,4.180,0.023
180,5.793,4.180,0.022
180,5.757,4.180,0.021
180,5.705,4.180,0.019
180,5.671,4.180,0.019
180,5.633,4.180,0.017
180,5.576,4.180,0.016
180,5.541,4.180,0.015
180,5.493,4.180,0.014
180,5.410,4.180,0.011
180,5.393,4.180,0.011
180,5.352,4.180,0.010
180,5.312,4.180,0.009
180,5.274,4.180,0.008
180,5.224,4.180,0.006
180,5.186,4.180,0.005
180,5.144,4.180,0.004
180,5.105,4.180,0.003
180,5.066,4.180,0.002
180,5.014,4.180,0.000
