frame,time,phase,animSpeed,hitActive,emitting,vertices
4973,84.13387,0,3.9,False,True,0
4974,84.15591,0.1146595,3.9,False,True,0
4975,84.17161,0.1962543,3.9,False,True,48
4976,84.18185,0.2495464,3.9,False,True,116
4977,84.20413,0.3654019,3.9,False,True,416
4978,84.21861,0.4406599,3.9,False,True,464
4979,84.23537,0.5277963,3.9,False,True,732
4980,84.24975,0.6025817,3.9,True,True,1056
4981,84.27097,0.7129164,3.9,False,False,1176
4982,84.28421,0.7817763,3.9,False,False,1176
4983,84.30273,0.8781157,3.9,False,False,1176
4984,84.3195,0.9652796,3.9,False,False,1176
4985,84.33347,0.9839067,1,False,False,1176
4986,84.35154,1.008004,1,False,False,1132
4987,84.36954,1.032005,1,False,False,940
4988,84.38284,1.049746,1,False,False,776
4989,84.40318,1.076849,1,False,False,620
4990,84.41784,1.0964,1,False,False,396
4991,84.43285,1.116418,1,False,False,108
4992,84.45494,1.145869,1,False,False,0
4993,84.47005,1.166026,1,False,False,0
4994,84.4839,1.184486,1,False,False,0
4995,84.50353,0.2919229,1,False,False,0
4996,84.51799,0.3063792,1,False,False,0
4997,84.53357,0.321961,1,False,False,0
4998,84.55508,0.343474,1,False,False,0
4999,84.56915,0.357548,1,False,False,0
5000,84.58878,0.3771744,1,False,False,0
5001,84.60139,0.3897893,1,False,False,0
5002,84.62107,0.4094641,1,False,False,0
5003,84.63406,0.4224459,1,False,False,0
5004,84.65299,0.4413829,1,False,False,0
5005,84.66665,0.4550412,1,False,False,0
5006,84.68603,0.4744222,1,False,False,0
5007,84.70008,0.4884693,1,False,False,0
5008,84.72001,0.5084044,1,False,False,0
5009,84.73846,0.5268464,1,False,False,0
5010,84.75172,0.5401135,1,False,False,0
5011,84.76926,0.5576522,1,False,False,0
5012,84.78602,0.5744134,1,False,False,0
5013,84.80378,0.5921726,1,False,False,0
5014,84.81622,0.6046172,1,False,False,0
5015,84.83457,0.6229603,1,False,False,0
5016,84.85371,0.6421092,1,False,False,0
5017,84.86662,0.6550094,1,False,False,0
5018,84.88615,0.6745442,1,False,False,0
5019,84.89921,0.6876031,1,False,False,0
5020,84.91754,0.7059374,1,False,False,0
5021,84.93638,0.7247726,1,False,False,0
5022,84.95515,0.7435484,1,False,False,0
5023,84.96685,0.7552427,1,False,False,0
5024,84.98429,0.7726814,1,False,False,0
5025,85.00118,0.7895752,1,False,False,0
5026,85.01997,0.8083652,1,False,False,0
5027,85.03806,0.8264486,1,False,False,0
5028,85.05048,0.8388684,1,False,False,0
5029,85.07209,0.8604825,1,False,False,0
5030,85.08581,0.8741965,1,False,False,0
5031,85.10448,0.8928695,1,False,False,0
5032,85.11664,0.9050283,1,False,False,0
5033,85.13392,0.9223142,1,False,False,0
