fps,time,phase,combo,attacking,hp,trailVertices
60,46.34037,0,0,True,10000,0
60,46.36095,0.1069942,0,True,10000,104
60,46.37168,0.1628079,0,True,10000,160
60,46.39339,0.2756723,0,True,10000,424
60,46.40814,0.3523848,0,True,10000,788
60,46.42335,0.4314835,0,True,10000,932
60,46.44184,0.5276227,0,True,10000,1288
60,46.45744,0.6087619,0,True,9979.084,1864
60,46.47253,0.6872211,0,True,9979.084,1952
60,46.49139,0.7852722,0,True,9979.084,1952
60,46.5103,0.88365,0,True,9979.084,1952
60,46.534,1.006872,0,True,9979.084,1884
60,46.54427,0.05337539,1,True,9979.084,1832
60,46.55955,0.1328683,1,True,9979.084,1840
60,46.5726,0.2007028,1,True,9979.084,1704
60,46.59048,0.2937085,1,True,9979.084,1388
60,46.60879,0.3889111,1,True,9979.084,1352
60,46.62631,0.4800166,1,True,9979.084,1140
60,46.64036,0.553085,1,True,9951.893,1200
60,46.65666,0.6378205,1,True,9951.893,1536
60,46.67383,0.7271274,1,True,9951.893,1724
60,46.69158,0.8194222,1,True,9951.893,1724
60,46.7093,0.9115371,1,True,9951.893,1724
60,46.72353,0.9855466,1,True,9951.893,1724
60,46.74126,0.09220482,2,True,9951.893,1628
60,46.75924,0.1857013,2,True,9951.893,1720
60,46.77669,0.2764206,2,True,9951.893,1780
60,46.79079,0.349765,2,True,9951.893,1808
60,46.80818,0.4401961,2,True,9951.893,1820
60,46.82663,0.5361101,2,True,9951.893,1364
60,46.84108,0.611274,2,True,9951.893,1500
60,46.85959,0.7075187,2,True,9928.885,2156
60,46.87635,0.7946941,2,True,9928.885,2440
60,46.89256,0.8789726,2,True,9928.885,2488
60,46.91011,0.97023,2,True,9928.885,2488
60,46.92497,0.9900426,0,False,9928.885,2468
60,46.94389,1.015262,0,False,9928.885,2304
60,46.95821,1.034361,0,False,9928.885,2184
60,46.97608,1.058188,0,False,9928.885,1912
60,46.99226,1.079766,0,False,9928.885,1708
60,47.00901,0.0870662,0,True,9928.885,1584
60,47.02393,0.1646393,0,True,9928.885,1200
60,47.04159,0.2564947,0,True,9928.885,680
60,47.05719,0.3376386,0,True,9928.885,828
60,47.07589,0.4348672,0,True,9928.885,948
60,47.09045,0.5105823,0,True,9928.885,1216
60,47.10943,0.6092752,0,True,9907.969,1864
60,47.12471,0.6886922,0,True,9907.969,1976
60,47.14349,0.7863611,0,True,9907.969,1976
60,47.15765,0.860029,0,True,9907.969,1976
60,47.17534,0.9520035,0,True,9907.969,1964
60,47.19086,0.08070973,1,True,9907.969,1884
60,47.20983,0.1793293,1,True,9907.969,1900
60,47.22495,0.2579475,1,True,9907.969,1752
60,47.2436,0.3549572,1,True,9907.969,1460
60,47.25766,0.4280478,1,True,9907.969,1508
60,47.27725,0.5299361,1,True,9907.969,1484
60,47.29242,0.6088148,1,True,9880.777,1512
60,47.30767,0.6881372,1,True,9880.777,1660
60,47.32698,0.7885377,1,True,9880.777,1660
60,47.33931,0.8526282,1,True,9880.777,1660
60,47.35772,0.9483893,1,True,9880.777,1660
60,47.37568,1.041755,1,True,9880.777,1620
60,47.39131,0.08129004,2,True,9880.777,1544
60,47.4093,0.174838,2,True,9880.777,1620
60,47.43397,0.3031111,2,True,9880.777,1608
60,47.44422,0.3563971,2,True,9880.777,1648
60,47.45931,0.4348879,2,True,9880.777,1436
60,47.47511,0.5170344,2,True,9880.777,1116
60,47.49346,0.6124654,2,True,9880.777,1408
60,47.50898,0.6931762,2,True,9857.77,2064
60,47.52501,0.7765155,2,True,9857.77,2412
60,47.53994,0.8541723,2,True,9857.77,2492
60,47.55758,0.9458764,2,True,9857.77,2492
60,47.57596,1.04148,2,True,9857.77,2456
60,47.5943,1.065922,0,False,9857.77,2296
60,47.60979,1.086579,0,False,9857.77,2164
60,47.6245,1.106202,0,False,9857.77,1944
60,47.64354,1.131579,0,False,9857.77,1692
60,47.65769,0,0,True,9857.77,1536
60,47.67597,0.09508302,0,True,9857.77,1112
60,47.69338,0.1856176,0,True,9857.77,496
60,47.70718,0.2573474,0,True,9857.77,436
60,47.72435,0.3466413,0,True,9857.77,772
60,47.74142,0.435435,0,True,9857.77,948
60,47.7599,0.5315008,0,True,9857.77,1300
60,47.77435,0.6066122,0,True,9836.854,1860
60,47.79039,0.6900249,0,True,9836.854,1980
60,47.80873,0.7854142,0,True,9836.854,1980
60,47.82368,0.8631584,0,True,9836.854,1980
60,47.84118,0.9541703,0,True,9836.854,1964
60,47.85882,0.09170928,1,True,9836.854,1876
60,47.87643,0.1832641,1,True,9836.854,1896
60,47.89084,0.2582164,1,True,9836.854,1740
60,47.9085,0.3500552,1,True,9836.854,1448
60,47.9236,0.4285445,1,True,9836.854,1500
60,47.94122,0.5202215,1,True,9836.854,1444
60,47.95655,0.5999458,1,True,9809.662,1476
60,47.97555,0.6987026,1,True,9809.662,1668
60,47.99097,0.7789215,1,True,9809.662,1668
60,48.0083,0.8689979,1,True,9809.662,1668
60,48.02719,0.9672446,1,True,9809.662,1668
60,48.04247,0.0794747,2,True,9809.662,1632
60,48.05837,0.1621246,2,True,9809.662,1696
60,48.07711,0.259572,2,True,9809.662,1764
60,48.09202,0.3371139,2,True,9809.662,1820
60,48.10745,0.4173426,2,True,9809.662,1860
60,48.12521,0.5097049,2,True,9809.662,1596
60,48.14261,0.6001657,2,True,9809.662,1516
60,48.15788,0.6795495,2,True,9786.654,1992
60,48.17342,0.7604058,2,True,9786.654,2380
60,48.1914,0.8538893,2,True,9786.654,2496
60,48.20917,0.946271,2,True,9786.654,2496
60,48.22389,1.02283,2,True,9786.654,2472
60,48.24218,1.047213,0,False,9786.654,2336
60,48.25769,1.067896,0,False,9786.654,2200
60,48.27643,1.092885,0,False,9786.654,1940
60,48.29202,1.113678,0,False,9786.654,1716
60,48.31066,0.09689731,0,True,9786.654,1604
60,48.32505,0.1717134,0,True,9786.654,1272
60,48.343,0.2650653,0,True,9786.654,752
60,48.35809,0.3435603,0,True,9786.654,848
60,48.37562,0.4346773,0,True,9786.654,932
60,48.39025,0.5107492,0,True,9786.654,1208
60,48.40893,0.6079221,0,True,9765.738,1848
60,48.42966,0.7157145,0,True,9765.738,1988
60,48.44294,0.7847387,0,True,9765.738,1988
60,48.45819,0.8640673,0,True,9765.738,1988
60,48.47544,0.9537751,0,True,9765.738,1972
60,48.49082,0.07997338,1,True,9765.738,1892
60,48.50937,0.1763897,1,True,9765.738,1912
60,48.52436,0.2543809,1,True,9765.738,1772
60,48.54326,0.3526442,1,True,9765.738,1480
60,48.55981,0.4386938,1,True,9765.738,1532
60,48.57386,0.5117518,1,True,9765.738,1496
60,48.59246,0.6084982,1,True,9738.547,1524
60,48.60756,0.686986,1,True,9738.547,1664
60,48.62597,0.7827632,1,True,9738.547,1652
60,48.64331,0.8728938,1,True,9738.547,1652
60,48.6581,0.9498407,1,True,9738.547,1652
60,48.67517,1.038559,1,True,9738.547,1616
60,48.69306,0.09305244,2,True,9738.547,1524
60,48.7076,0.1686422,2,True,9738.547,1600
60,48.72495,0.258894,2,True,9738.547,1604
60,48.74358,0.355745,2,True,9738.547,1632
60,48.75785,0.4299506,2,True,9738.547,1472
60,48.77651,0.5269846,2,True,9738.547,1124
60,48.79139,0.6043861,2,True,9738.547,1344
60,48.81006,0.701455,2,True,9715.539,2100
60,48.82617,0.7852125,2,True,9715.539,2424
60,48.84146,0.8647662,2,True,9715.539,2492
60,48.85715,0.9463028,2,True,9715.539,2492
60,48.87588,1.04372,2,True,9715.539,2464
60,48.8909,1.063741,0,False,9715.539,2340
60,48.91034,1.089657,0,False,9715.539,2172
60,48.92486,1.109027,0,False,9715.539,1948
60,48.94328,1.133583,0,False,9715.539,1704
60,48.95863,0,0,True,9715.539,1528
60,48.97628,0.09177531,0,True,9715.539,1108
60,48.99272,0.1772841,0,True,9715.539,516
60,49.01012,0.2677849,0,True,9715.539,456
60,49.02583,0.3494228,0,True,9715.539,784
60,49.04158,0.4313441,0,True,9715.539,940
60,49.05685,0.5107627,0,True,9715.539,1220
60,49.07556,0.6080599,0,True,9694.623,1868
60,49.09205,0.6938058,0,True,9694.623,1984
60,49.10753,0.7742794,0,True,9694.623,1984
60,49.12405,0.8601652,0,True,9694.623,1984
60,49.14006,0.9434469,0,True,9694.623,1980
60,49.15954,1.044743,0,True,9694.623,1876
60,49.17424,0.07643325,1,True,9694.623,1804
60,49.19247,0.1712396,1,True,9694.623,1652
60,49.20788,0.2513732,1,True,9694.623,1360
60,49.2265,0.3481941,1,True,9694.623,1264
60,49.24079,0.422501,1,True,9694.623,1188
60,49.25918,0.5181181,1,True,9694.623,908
60,49.27374,0.5938332,1,True,9667.432,1372
60,49.29365,0.6973751,1,True,9667.432,1680
60,49.31013,0.78307,1,True,9667.432,1680
60,49.32559,0.8634641,1,True,9667.432,1680
60,49.34055,0.9412483,1,True,9667.432,1680
60,49.35897,1.037024,1,True,9667.432,1644
60,49.37454,0.08095359,2,True,9667.432,1564
60,49.39327,0.17836,2,True,9667.432,1644
60,49.40782,0.2540335,2,True,9667.432,1652
60,49.42356,0.3358665,2,True,9667.432,1628
60,49.44359,0.4400365,2,True,9667.432,1460
60,49.46023,0.5265691,2,True,9667.432,1152
60,49.47652,0.6112974,2,True,9667.432,1396
60,49.49155,0.689418,2,True,9644.424,2056
60,49.50673,0.7683671,2,True,9644.424,2392
60,49.52828,0.8804083,2,True,9644.424,2488
60,49.54399,0.9621383,2,True,9644.424,2488
60,49.55437,0.9759715,0,False,9644.424,2488
60,49.57654,1.005528,0,False,9644.424,2324
60,49.59264,1.026994,0,False,9644.424,2188
60,49.60856,0,0,True,9644.424,1952
60,49.62574,0.08935105,0,True,9644.424,1804
60,49.6416,0.1718303,0,True,9644.424,1712
60,49.65705,0.2521854,0,True,9644.424,1452
60,49.67501,0.3455831,0,True,9644.424,1144
60,49.69297,0.4389257,0,True,9644.424,1036
60,49.70709,0.5123721,0,True,9644.424,1220
60,49.72549,0.6080604,0,True,9623.508,1856
60,49.74111,0.6892672,0,True,9623.508,1972
60,49.75895,0.7820601,0,True,9623.508,1972
60,49.77399,0.8602494,0,True,9623.508,1972
60,49.79192,0.9535072,0,True,9623.508,1956
60,49.81013,0.09466549,1,True,9623.508,1864
60,49.82557,0.1749644,1,True,9623.508,1884
60,49.84346,0.2679752,1,True,9623.508,1704
60,49.85825,0.344916,1,True,9623.508,1440
60,49.87598,0.437087,1,True,9623.508,1508
60,49.89022,0.5111277,1,True,9623.508,1484
60,49.90781,0.6026185,1,True,9596.316,1500
60,49.92541,0.6941167,1,True,9596.316,1680
60,49.94339,0.7875955,1,True,9596.316,1680
60,49.95832,0.8652523,1,True,9596.316,1680
60,49.97367,0.9451087,1,True,9596.316,1680
60,49.99041,1.032099,1,True,9596.316,1672
60,50.00953,0.09946872,2,True,9596.316,1560
60,50.02532,0.1815455,2,True,9596.316,1648
60,50.0415,0.2657215,2,True,9596.316,1652
60,50.05791,0.3510509,2,True,9596.316,1648
60,50.07422,0.4358453,2,True,9596.316,1492
60,50.0921,0.5288004,2,True,9596.316,1148
60,50.11007,0.6222324,2,True,9596.316,1456
60,50.12551,0.7025761,2,True,9573.309,2096
60,50.14098,0.7830003,2,True,9573.309,2404
60,50.15911,0.877294,2,True,9573.309,2484
60,50.17376,0.9534605,2,True,9573.309,2484
60,50.19205,0,0,True,9573.309,2452
60,50.21057,0.096278,0,True,9573.309,2392
60,50.22668,0.180064,0,True,9573.309,2336
60,50.24321,0.266006,0,True,9573.309,2288
60,50.25949,0.3506807,0,True,9573.309,2492
60,50.27493,0.4309495,0,True,9573.309,2448
60,50.29093,0.5141484,0,True,9573.309,2264
60,50.30871,0.6066185,0,True,9552.393,2188
60,50.32631,0.6981587,0,True,9552.393,2052
30,50.34315,0.7856982,0,True,9552.393,1984
30,50.37316,0.9417419,0,True,9552.393,1980
30,50.40835,1.124762,0,True,9552.393,1796
30,50.44107,0.1701414,1,True,9552.393,1168
30,50.47616,0.3526,1,True,9552.393,828
30,50.50914,0.52407,1,True,9552.393,804
30,50.53767,0.6724582,1,True,9525.201,1576
30,50.57388,0.8607528,1,True,9525.201,1576
30,50.6105,1.051162,1,True,9525.201,1576
30,50.64094,0.1582932,2,True,9525.201,1432
30,50.67668,0.3441407,2,True,9525.201,1524
30,50.71016,0.5182164,2,True,9525.201,1000
30,50.74163,0.681878,2,True,9502.193,1932
30,50.77623,0.861784,2,True,9502.193,2440
30,50.81032,1.039082,2,True,9502.193,2440
30,50.84111,0,0,True,9502.193,2184
30,50.87325,0.1671316,0,True,9502.193,1900
30,50.90625,0.3387187,0,True,9502.193,1920
30,50.94453,0.5378006,0,True,9502.193,1412
30,50.97812,0.7124317,0,True,9481.277,1984
30,51.00843,0.8700785,0,True,9481.277,1984
30,51.04469,1.058613,0,True,9481.277,1864
30,51.08689,0.2194265,1,True,9481.277,1228
30,51.1082,0.3302426,1,True,9481.277,1164
30,51.14092,0.5004106,1,True,9481.277,700
30,51.17667,0.6863173,1,True,9454.086,1572
30,51.21004,0.8598002,1,True,9454.086,1572
30,51.23999,1.015546,1,True,9454.086,1572
30,51.27631,0.1888572,2,True,9454.086,1464
30,51.31039,0.3660738,2,True,9454.086,1612
30,51.34318,0.5366046,2,True,9454.086,1104
30,51.37388,0.6962561,2,True,9431.078,1988
30,51.40868,0.877227,2,True,9431.078,2452
30,51.44335,1.057489,2,True,9431.078,2452
30,51.47345,1.097629,0,False,9431.078,2196
30,51.50972,1.145978,0,False,9431.078,1704
30,51.54204,1.189071,0,False,9431.078,1000
30,51.57722,0.3019831,0,False,9431.078,60
30,51.60825,0.1613774,0,True,9431.078,156
30,51.64063,0.3297627,0,True,9431.078,684
30,51.67495,0.5082028,0,True,9431.078,1180
30,51.70882,0.6843387,0,True,9410.162,1916
30,51.74451,0.8699138,0,True,9410.162,1916
30,51.77435,1.025058,0,True,9410.162,1832
30,51.80748,0.1723254,1,True,9410.162,1552
30,51.84009,0.3418693,1,True,9410.162,1232
30,51.87312,0.513606,1,True,9410.162,848
30,51.90752,0.6925042,1,True,9382.971,1604
30,51.94316,0.8778712,1,True,9382.971,1604
30,51.97606,1.048941,1,True,9382.971,1604
30,52.00733,0.1625894,2,True,9382.971,1460
30,52.04033,0.3341926,2,True,9382.971,1532
30,52.07617,0.5205392,2,True,9382.971,1048
30,52.1097,0.6949316,2,True,9359.963,1992
30,52.14094,0.8573598,2,True,9359.963,2428
30,52.17411,1.029855,2,True,9359.963,2428
30,52.20872,1.075997,0,False,9359.963,2156
30,52.23997,1.117671,0,False,9359.963,1720
30,52.27766,1.167922,0,False,9359.963,980
30,52.30764,0.2809135,0,False,9359.963,84
30,52.34226,0.1800614,0,True,9359.963,176
30,52.37463,0.3483849,0,True,9359.963,784
30,52.40655,0.5143408,0,True,9359.963,1228
30,52.44253,0.7014425,0,True,9339.047,1944
30,52.4773,0.8822808,0,True,9339.047,1944
30,52.50684,1.03585,0,True,9339.047,1848
30,52.54074,0.1762982,1,True,9339.047,1520
30,52.5741,0.3497707,1,True,9339.047,1176
30,52.60818,0.5269804,1,True,9339.047,876
30,52.64115,0.6984369,1,True,9311.855,1628
30,52.67673,0.8834612,1,True,9311.855,1628
30,52.71049,1.059027,1,True,9311.855,1628
30,52.74335,0.1708663,2,True,9311.855,1468
30,52.77594,0.3403353,2,True,9311.855,1560
30,52.80887,0.5115604,2,True,9311.855,1016
30,52.84203,0.6839768,2,True,9288.848,1956
30,52.87606,0.8609182,2,True,9288.848,2452
30,52.90964,1.035533,2,True,9288.848,2452
30,52.94294,1.079945,0,False,9288.848,2192
30,52.97684,1.125145,0,False,9288.848,1716
30,53.00788,1.166526,0,False,9288.848,1136
30,53.04333,0,0,True,9288.848,72
30,53.07259,0.1521161,0,True,9288.848,148
30,53.10609,0.3263213,0,True,9288.848,660
30,53.14323,0.5194525,0,True,9288.848,1232
30,53.17303,0.6744208,0,True,9267.932,1932
30,53.20962,0.8647106,0,True,9267.932,1932
30,53.2411,1.02841,0,True,9267.932,1844
30,53.27238,0.1626648,1,True,9267.932,1584
30,53.30742,0.3448478,1,True,9267.932,1232
30,53.34295,0.5296054,1,True,9267.932,924
30,53.3745,0.6936378,1,True,9240.74,1616
30,53.40921,0.8741246,1,True,9240.74,1616
30,53.4408,1.038394,1,True,9240.74,1616
30,53.47491,0.1774079,2,True,9240.74,1460
30,53.50838,0.3514747,2,True,9240.74,1560
30,53.54291,0.5310021,2,True,9240.74,1056
30,53.57337,0.689379,2,True,9217.732,1944
30,53.60711,0.8648509,2,True,9217.732,2412
30,53.6409,1.040531,2,True,9217.732,2412
30,53.6752,1.08627,0,False,9217.732,2148
30,53.70763,0,0,True,9217.732,1696
30,53.7414,0.175617,0,True,9217.732,1184
30,53.77382,0.3441895,0,True,9217.732,840
30,53.80813,0.5226145,0,True,9217.732,1256
30,53.84211,0.6993376,0,True,9196.816,1972
30,53.8768,0.879737,0,True,9196.816,1972
30,53.91027,1.05377,0,True,9196.816,1860
30,53.94249,0.1675055,1,True,9196.816,1508
30,53.97586,0.3410264,1,True,9196.816,1176
30,54.00943,0.5155929,1,True,9196.816,820
30,54.0431,0.6907097,1,True,9169.625,1608
30,54.0735,0.8487766,1,True,9169.625,1608
30,54.10928,1.034809,1,True,9169.625,1608
30,54.1401,0.1602884,2,True,9169.625,1472
30,54.17635,0.3487723,2,True,9169.625,1580
30,54.20943,0.5208325,2,True,9169.625,1096
30,54.24183,0.6892964,2,True,9146.617,1992
30,54.27526,0.8631573,2,True,9146.617,2452
30,54.30845,1.035697,2,True,9146.617,2452
30,54.34007,1.077852,0,False,9146.617,2200
30,54.37702,1.127132,0,False,9146.617,1700
30,54.40689,1.166957,0,False,9146.617,1128
30,54.44076,0.2840878,0,False,9146.617,88
30,54.47481,0.3181328,0,False,9146.617,0
30,54.5071,0.3504205,0,False,9146.617,0
30,54.54077,0.3840922,0,False,9146.617,0
30,54.57617,0.4194978,0,False,9146.617,0
30,54.6102,0.4535208,0,False,9146.617,0
30,54.64091,0.48424,0,False,9146.617,0
30,54.67618,0.5195031,0,False,9146.617,0
30,54.71036,0.5536849,0,False,9146.617,0
30,54.74327,0.5865977,0,False,9146.617,0
30,54.77705,0.620373,0,False,9146.617,0
30,54.80938,0.6527052,0,False,9146.617,0
30,54.84328,0.6866111,0,False,9146.617,0
30,54.87396,0.7172892,0,False,9146.617,0
30,54.90932,0.7526434,0,False,9146.617,0
