case,targetFps,attack,attackSpeed,damage,damageEvents,maxTrailVertices,frames
0,60,1,3.9,20.91602,1,1944,40
1,60,2,3.9,27.19141,1,1676,39
2,60,3,3.9,23.00781,1,2492,39
3,60,1,3.9,20.91602,1,1940,39
4,60,2,3.9,27.19141,1,1672,39
5,60,3,3.9,23.00781,1,2492,39
6,60,1,3.9,20.91602,1,1944,39
7,60,2,3.9,27.19141,1,1684,40
8,60,3,3.9,23.00781,1,2480,39
9,30,1,3.9,20.91602,1,1932,19
10,30,2,3.9,27.19141,1,1684,20
11,30,3,3.9,23.00781,1,2480,19
12,30,1,3.9,20.91602,1,1920,20
13,30,2,3.9,27.19141,1,1692,19
14,30,3,3.9,23.00781,1,2472,20
15,30,1,3.9,20.91602,1,1936,20
16,30,2,3.9,27.19141,1,1688,19
17,30,3,3.9,23.00781,1,2488,20
18,30,Kick,0.7,31.375,1,0,66
