trial,time,phase,hitActive,hp,position,pivot,rotation
0,34.75259,0,False,205,"(0.39, 1.01, -1.75)","(-0.01, 1.07, -2.02)","(312.49, 337.58, 258.65)"
0,34.78594,0.1733862,False,205,"(0.64, 1.21, -2.02)","(-0.01, 1.07, -2.02)","(327.82, 17.98, 281.61)"
0,34.82114,0.3564361,False,205,"(0.69, 1.52, -2.32)","(-0.01, 1.07, -2.02)","(295.96, 163.09, 169.64)"
0,34.85264,0.5202225,False,205,"(0.62, 1.22, -2.49)","(-0.01, 1.07, -2.02)","(4.42, 224.40, 149.63)"
0,34.88805,0.7043909,True,205,"(-0.39, 1.08, -1.60)","(-0.01, 1.07, -2.02)","(338.16, 280.34, 218.50)"
0,34.91887,0.8646113,False,205,"(-0.34, 1.15, -1.79)","(-0.01, 1.07, -2.02)","(351.43, 173.93, 306.91)"
0,34.95484,1.051695,False,205,"(0.02, 0.86, -1.65)","(-0.01, 1.07, -2.02)","(331.86, 294.13, 256.49)"
0,34.98845,1.096499,False,205,"(0.13, 0.81, -1.70)","(-0.01, 1.07, -2.02)","(339.78, 316.40, 247.58)"
0,35.02127,1.140258,False,205,"(0.22, 0.78, -1.78)","(-0.01, 1.07, -2.02)","(348.62, 336.73, 243.18)"
0,35.05362,1.183391,False,205,"(0.29, 0.77, -1.89)","(-0.01, 1.07, -2.02)","(357.07, 356.44, 242.36)"
0,35.08598,0.2949092,False,205,"(0.30, 0.77, -1.90)","(-0.01, 1.07, -2.02)","(358.28, 359.45, 242.49)"
0,35.1212,0.3301299,False,205,"(0.30, 0.77, -1.90)","(-0.01, 1.07, -2.02)","(358.31, 359.44, 242.47)"
0,35.15327,0.3621964,False,205,"(0.30, 0.77, -1.90)","(-0.01, 1.07, -2.02)","(358.34, 359.43, 242.46)"
0,35.18791,0.3968365,False,205,"(0.30, 0.77, -1.90)","(-0.01, 1.07, -2.02)","(358.38, 359.43, 242.44)"
0,35.21924,0.428166,False,205,"(0.30, 0.77, -1.90)","(-0.01, 1.07, -2.02)","(358.42, 359.42, 242.42)"
0,35.25435,0.4632802,False,205,"(0.30, 0.77, -1.90)","(-0.01, 1.07, -2.02)","(358.47, 359.42, 242.40)"
0,35.28597,0.4949002,False,205,"(0.30, 0.77, -1.90)","(-0.01, 1.07, -2.02)","(358.49, 359.41, 242.40)"
0,35.31973,0.5286623,False,205,"(0.30, 0.77, -1.90)","(-0.01, 1.07, -2.02)","(358.48, 359.40, 242.40)"
0,35.35276,0.5616865,False,205,"(0.30, 0.77, -1.90)","(-0.01, 1.07, -2.02)","(358.48, 359.39, 242.40)"
0,35.38746,0.5963907,False,205,"(0.30, 0.77, -1.90)","(-0.01, 1.07, -2.02)","(358.48, 359.39, 242.40)"
0,35.41862,0.6275462,False,205,"(0.30, 0.77, -1.90)","(-0.01, 1.07, -2.02)","(358.48, 359.38, 242.40)"
0,35.45377,0.6627029,False,205,"(0.30, 0.77, -1.90)","(-0.01, 1.07, -2.02)","(358.47, 359.37, 242.40)"
0,35.48857,0.697497,False,205,"(0.30, 0.77, -1.90)","(-0.01, 1.07, -2.02)","(358.47, 359.36, 242.40)"
0,35.52208,0.7310082,False,205,"(0.30, 0.77, -1.90)","(-0.01, 1.07, -2.02)","(358.46, 359.35, 242.39)"
0,35.55394,0.7628661,False,205,"(0.30, 0.77, -1.90)","(-0.01, 1.07, -2.02)","(358.46, 359.34, 242.39)"
1,35.58879,0.1812548,False,205,"(0.64, 1.23, -2.04)","(-0.01, 1.07, -2.02)","(326.29, 19.70, 282.95)"
1,35.62226,0.3553009,False,205,"(0.70, 1.52, -2.32)","(-0.01, 1.07, -2.02)","(295.29, 161.02, 171.38)"
1,35.6549,0.5249909,False,205,"(0.62, 1.21, -2.49)","(-0.01, 1.07, -2.02)","(6.78, 219.73, 147.06)"
1,35.68738,0.6938895,True,205,"(-0.36, 1.08, -1.58)","(-0.01, 1.07, -2.02)","(344.75, 295.54, 198.17)"
1,35.71935,0.8601356,False,205,"(-0.34, 1.16, -1.79)","(-0.01, 1.07, -2.02)","(351.87, 173.28, 307.22)"
1,35.75461,1.043506,False,205,"(0.01, 0.86, -1.64)","(-0.01, 1.07, -2.02)","(331.43, 291.21, 257.79)"
1,35.78491,1.083904,False,205,"(0.11, 0.82, -1.69)","(-0.01, 1.07, -2.02)","(338.28, 311.58, 249.06)"
1,35.82048,1.131334,False,205,"(0.21, 0.79, -1.77)","(-0.01, 1.07, -2.02)","(347.76, 333.84, 243.50)"
1,35.8553,1.177755,False,205,"(0.29, 0.77, -1.88)","(-0.01, 1.07, -2.02)","(356.90, 355.10, 242.23)"
1,35.88663,0.2896495,False,205,"(0.30, 0.77, -1.91)","(-0.01, 1.07, -2.02)","(358.54, 359.18, 242.39)"
1,35.92176,0.3247763,False,205,"(0.30, 0.77, -1.91)","(-0.01, 1.07, -2.02)","(358.57, 359.16, 242.38)"
1,35.95217,0.3551882,False,205,"(0.30, 0.77, -1.91)","(-0.01, 1.07, -2.02)","(358.59, 359.14, 242.38)"
1,35.98798,0.3909941,False,205,"(0.30, 0.77, -1.91)","(-0.01, 1.07, -2.02)","(358.61, 359.13, 242.38)"
1,36.0195,0.4225187,False,205,"(0.30, 0.77, -1.91)","(-0.01, 1.07, -2.02)","(358.64, 359.11, 242.38)"
1,36.05469,0.4577105,False,205,"(0.30, 0.77, -1.91)","(-0.01, 1.07, -2.02)","(358.66, 359.10, 242.38)"
1,36.08632,0.489337,False,205,"(0.30, 0.77, -1.91)","(-0.01, 1.07, -2.02)","(358.68, 359.08, 242.37)"
1,36.11851,0.5215301,False,205,"(0.30, 0.77, -1.91)","(-0.01, 1.07, -2.02)","(358.70, 359.07, 242.37)"
1,36.15148,0.554496,False,205,"(0.30, 0.77, -1.91)","(-0.01, 1.07, -2.02)","(358.72, 359.05, 242.37)"
1,36.1853,0.5883213,False,205,"(0.30, 0.77, -1.91)","(-0.01, 1.07, -2.02)","(358.74, 359.03, 242.36)"
1,36.22011,0.6231264,False,205,"(0.30, 0.77, -1.91)","(-0.01, 1.07, -2.02)","(358.77, 359.02, 242.36)"
1,36.25403,0.6570491,False,205,"(0.30, 0.77, -1.91)","(-0.01, 1.07, -2.02)","(358.80, 359.00, 242.36)"
1,36.28816,0.6911784,False,205,"(0.30, 0.77, -1.91)","(-0.01, 1.07, -2.02)","(358.84, 358.99, 242.35)"
1,36.3211,0.7241163,False,205,"(0.30, 0.77, -1.91)","(-0.01, 1.07, -2.02)","(358.87, 358.97, 242.35)"
1,36.35381,0.756824,False,205,"(0.30, 0.77, -1.91)","(-0.01, 1.07, -2.02)","(358.89, 358.95, 242.35)"
2,36.38644,0.1696895,False,205,"(0.64, 1.20, -2.00)","(-0.01, 1.07, -2.02)","(328.13, 16.33, 280.66)"
2,36.41844,0.3360776,False,205,"(0.69, 1.52, -2.28)","(-0.01, 1.07, -2.02)","(286.49, 115.53, 214.15)"
2,36.45532,0.527878,False,205,"(0.63, 1.20, -2.49)","(-0.01, 1.07, -2.02)","(8.11, 216.92, 145.31)"
2,36.48898,0.7029272,True,205,"(-0.38, 1.08, -1.59)","(-0.01, 1.07, -2.02)","(338.80, 282.72, 215.55)"
2,36.51902,0.8591222,False,205,"(-0.34, 1.16, -1.79)","(-0.01, 1.07, -2.02)","(351.99, 173.14, 307.32)"
2,36.55208,1.03104,False,205,"(-0.02, 0.88, -1.64)","(-0.01, 1.07, -2.02)","(330.50, 284.49, 261.24)"
2,36.58784,1.078712,False,205,"(0.10, 0.83, -1.68)","(-0.01, 1.07, -2.02)","(338.10, 308.89, 250.06)"
2,36.62014,1.121785,False,205,"(0.20, 0.79, -1.75)","(-0.01, 1.07, -2.02)","(346.62, 329.28, 244.35)"
2,36.65222,1.164555,False,205,"(0.27, 0.78, -1.85)","(-0.01, 1.07, -2.02)","(355.20, 348.93, 242.22)"
2,36.68696,0.2831565,False,205,"(0.30, 0.77, -1.91)","(-0.01, 1.07, -2.02)","(359.20, 358.76, 242.29)"
2,36.71926,0.3154604,False,205,"(0.30, 0.77, -1.91)","(-0.01, 1.07, -2.02)","(359.22, 358.74, 242.28)"
2,36.75468,0.3508746,False,205,"(0.30, 0.77, -1.91)","(-0.01, 1.07, -2.02)","(359.24, 358.72, 242.27)"
2,36.78697,0.3831679,False,205,"(0.30, 0.77, -1.91)","(-0.01, 1.07, -2.02)","(359.26, 358.71, 242.27)"
2,36.8216,0.4177997,False,205,"(0.30, 0.77, -1.91)","(-0.01, 1.07, -2.02)","(359.27, 358.69, 242.26)"
2,36.85733,0.4535237,False,205,"(0.30, 0.77, -1.91)","(-0.01, 1.07, -2.01)","(359.29, 358.68, 242.25)"
2,36.88688,0.4830705,False,205,"(0.30, 0.77, -1.91)","(-0.01, 1.07, -2.01)","(359.30, 358.66, 242.25)"
2,36.92122,0.517412,False,205,"(0.31, 0.77, -1.91)","(-0.01, 1.07, -2.01)","(359.32, 358.65, 242.24)"
2,36.9546,0.550797,False,205,"(0.31, 0.77, -1.91)","(-0.01, 1.07, -2.01)","(359.33, 358.63, 242.23)"
2,36.98708,0.5832788,False,205,"(0.31, 0.77, -1.91)","(-0.01, 1.07, -2.01)","(359.34, 358.61, 242.22)"
2,37.02189,0.6180885,False,205,"(0.31, 0.77, -1.91)","(-0.01, 1.07, -2.01)","(359.35, 358.60, 242.21)"
2,37.05447,0.6506616,False,205,"(0.31, 0.77, -1.91)","(-0.01, 1.07, -2.01)","(359.36, 358.58, 242.21)"
2,37.08582,0.6820105,False,205,"(0.31, 0.77, -1.91)","(-0.01, 1.07, -2.01)","(359.37, 358.57, 242.20)"
2,37.12058,0.7167777,False,205,"(0.31, 0.77, -1.91)","(-0.01, 1.07, -2.01)","(359.37, 358.55, 242.19)"
2,37.15208,0.7482786,False,205,"(0.31, 0.77, -1.91)","(-0.01, 1.07, -2.01)","(359.38, 358.54, 242.18)"
3,37.18777,0.1855625,False,205,"(0.65, 1.24, -2.04)","(-0.01, 1.07, -2.01)","(325.15, 19.75, 283.54)"
3,37.22136,0.3602258,False,205,"(0.70, 1.52, -2.32)","(-0.01, 1.07, -2.01)","(298.62, 168.73, 164.96)"
3,37.25424,0.5312241,False,205,"(0.63, 1.19, -2.48)","(-0.01, 1.07, -2.01)","(9.57, 213.67, 143.07)"
3,37.28692,0.7011508,True,205,"(-0.38, 1.08, -1.59)","(-0.01, 1.07, -2.01)","(339.80, 285.50, 212.04)"
3,37.3186,0.8659159,False,205,"(-0.34, 1.15, -1.78)","(-0.01, 1.07, -2.01)","(351.41, 174.11, 306.89)"
3,37.35204,1.039783,False,205,"(-0.01, 0.87, -1.64)","(-0.01, 1.07, -2.01)","(331.47, 286.01, 260.52)"
3,37.38776,1.087414,False,205,"(0.11, 0.82, -1.69)","(-0.01, 1.07, -2.01)","(339.19, 310.21, 249.73)"
3,37.42227,1.133424,False,205,"(0.21, 0.79, -1.77)","(-0.01, 1.07, -2.01)","(348.25, 331.93, 243.94)"
3,37.45194,1.172979,False,205,"(0.28, 0.78, -1.86)","(-0.01, 1.07, -2.01)","(356.06, 350.15, 242.09)"
3,37.48742,0.2902152,False,205,"(0.31, 0.77, -1.91)","(-0.01, 1.07, -2.01)","(359.37, 358.45, 242.06)"
3,37.51933,0.3221247,False,205,"(0.31, 0.77, -1.91)","(-0.01, 1.07, -2.01)","(359.37, 358.45, 242.05)"
3,37.55548,0.3582804,False,205,"(0.31, 0.77, -1.91)","(-0.01, 1.07, -2.01)","(359.36, 358.45, 242.04)"
3,37.58793,0.3907275,False,205,"(0.31, 0.77, -1.91)","(-0.01, 1.07, -2.01)","(359.35, 358.45, 242.03)"
3,37.62122,0.4240125,False,205,"(0.31, 0.77, -1.91)","(-0.01, 1.07, -2.01)","(359.34, 358.44, 242.02)"
3,37.65256,0.4553564,False,205,"(0.31, 0.77, -1.91)","(-0.01, 1.07, -2.01)","(359.33, 358.44, 242.01)"
3,37.68702,0.489811,False,205,"(0.31, 0.77, -1.91)","(-0.01, 1.07, -2.01)","(359.32, 358.44, 242.00)"
3,37.71935,0.522141,False,205,"(0.31, 0.77, -1.91)","(-0.01, 1.07, -2.01)","(359.30, 358.43, 241.99)"
3,37.75148,0.5542772,False,205,"(0.31, 0.77, -1.91)","(-0.01, 1.07, -2.01)","(359.28, 358.44, 241.98)"
3,37.78736,0.5901565,False,205,"(0.31, 0.77, -1.91)","(-0.01, 1.07, -2.01)","(359.26, 358.44, 241.97)"
3,37.819,0.621794,False,205,"(0.31, 0.77, -1.91)","(-0.01, 1.07, -2.01)","(359.24, 358.44, 241.96)"
3,37.85701,0.6598018,False,205,"(0.31, 0.77, -1.91)","(-0.01, 1.07, -2.01)","(359.21, 358.45, 241.95)"
3,37.88757,0.6903659,False,205,"(0.31, 0.77, -1.91)","(-0.01, 1.07, -2.01)","(359.19, 358.45, 241.94)"
3,37.91861,0.7214051,False,205,"(0.31, 0.77, -1.91)","(-0.01, 1.07, -2.01)","(359.16, 358.45, 241.93)"
3,37.95203,0.754828,False,205,"(0.31, 0.77, -1.91)","(-0.01, 1.07, -2.01)","(359.14, 358.45, 241.93)"
